,song_uri,song,artist
0,spotify:track:676Igo5PdNcsvkXrqdRnA5,Gott gib mir ein Zeichen,Leon Machère
1,spotify:track:435pS7XvqB2OhjSq4g64We,Broken Melody - Radio Edit,Vix 20
2,spotify:track:41oVM0EMjkThMKxaM2UPnh,Broken Melody,Vix 20
3,spotify:track:6n3REikhN4vR5qv2CKDQ1m,Na my man dey dere,Don Mo
4,spotify:track:7HANQxTG5jsEBnezWBfqp9,Jaiye Jaiye,Don Mo
5,spotify:track:1EyJcFnB3UXrPD2w02k637,Kolo,Mr. 2Kay
6,spotify:track:1RfKTBxFj42MZOuBU9jrQw,Segno di speranza,Tetasinger
7,spotify:track:5KuMYqzGyuwLD9q5n7alTY,Metele,Wasel
8,spotify:track:2mTEpNi4so3iEb40CsH3BI,Good Morning Beautiful,Big Klef
9,spotify:track:698IUpQdo5u3V7ULsyPpEa,Something New,Big Klef
10,spotify:track:7pTZ4fYbvbOYO5M6N6v9dK,Roll it (feat. Ajala & Whity Matimal),Big Klef
11,spotify:track:3JYaa3ac4E2ZTNm4yLROaJ,Often,Big Klef
12,spotify:track:0p6jLglKBhoj89FV9jxtYE,Cool vibe,Big Klef
13,spotify:track:5q8Z5T0yAKX5mBkWWAhdAw,Washing,Big Klef
14,spotify:track:6cqPJFHVXpAeRkBr9v5Gj2,Outta Kontrol,Big Klef
15,spotify:track:5SxYICl0ZP5e0KlHl7W7bz,You & I,Big Klef
16,spotify:track:0kb8IsoTun6fkeIwGHApJm,Favorite Rock & Roll Song,Big Klef
17,spotify:track:3C3kUlWic7H1eDcmuqc3bc,Bus Stop,Big Klef
18,spotify:track:1GJv5XJJeq1qQGrFRQgI76,Let It Out,Big Klef
19,spotify:track:5WVnUOkiuY1QUyzelNRlGY,Feel it (feat. Meaku & Eddy Kenzo),Big Klef
20,spotify:track:5iueARDbnMQkAG2yOkmTiF,Real Ting,Tyler Lepley
21,spotify:track:6pKlfpYT7lWrhAAMqskxc0,Marcher sur les dunes,Stephane Chisloup
22,spotify:track:6wb91pIBABbp7D5TnfadxI,Plenty,Mr. 2Kay
23,spotify:track:21Uw2bCHertkbTVH5BCkkw,Super Sonic,Frank Kozlowski
24,spotify:track:0oOxUZUnmBOp4L59W59L0p,Money,Don Mo
25,spotify:track:4BEwMFiXUCSs0vwEcYVQo9,Preach,Don Mo
26,spotify:track:3YPRhxmB9DMAqYb1x3bDHM,Grace Knows NO Bound,Don Mo
27,spotify:track:5CqLHN8dK6hWN2WZlzRjbQ,Work,Mike Laz
28,spotify:track:60BekioXzjzRAxbRs7iLuy,Say It's Not Too Late,Feral Ghost
29,spotify:track:4g4TvqbOjxM3RqwIQbBhAe,Dangerous (feat. Sam Martin),David Guetta
30,spotify:track:3gP7XgnHQjvGDLnDm7dcY1,What I Did for Love (feat. Emeli Sandé),David Guetta
31,spotify:track:3e9bhP4zTG9n7NaiQmOupb,No Money No Love (feat. Elliphant & Ms. Dynamite),David Guetta
32,spotify:track:5nWWusyZufQoSyDDi46CZx,Lovers on the Sun (feat. Sam Martin),David Guetta
33,spotify:track:4msSzmWNsA4LXcJZmGolhq,Goodbye Friend (feat. The Script),David Guetta
34,spotify:track:1Aa5qzYECYfxtLYF05iWaE,"Lift Me Up (feat. Nico & Vinz, Ladysmith Black Mambazo)",David Guetta
35,spotify:track:7oDjezV7QAs9GsTkT9k4b3,Listen (feat. John Legend),David Guetta
36,spotify:track:5s2Mz7KxwFR6sUjvAFXoMW,Bang My Head (feat. Sia),David Guetta
37,spotify:track:3WmhtVYG8GorpEknzT8Jvn,Yesterday (feat. Bebe Rexha),David Guetta
38,spotify:track:3D10gGOdO5pbrjsfWqgttI,"Hey Mama (feat. Nicki Minaj, Bebe Rexha & Afrojack)",David Guetta
39,spotify:track:7r72oSND8v9AdjJejBdlfc,Sun Goes Down (feat. MAGIC! & Sonny Wilson),David Guetta
40,spotify:track:5icciTRNAOUgGDK4MBGUyZ,S.T.O.P (feat. Ryan Tedder),David Guetta
41,spotify:track:4GkelasMIeT2bcnH7bcYu9,I'll Keep Loving You (feat. Birdy & Jaymes Young),David Guetta
42,spotify:track:4bGGEg2BiH0O8yxQRhi4Fx,The Whisperer (feat. Sia),David Guetta
43,spotify:track:51frTvITssOkXvJM7iwn26,Bang My Head (feat. Sia & Fetty Wap),David Guetta
44,spotify:track:7IepV7rTJYOX8P3KA9bBd3,Clap Your Hands,David Guetta
45,spotify:track:2jcR7G4B3tTnuYR2CJzCo7,Bad (feat. Vassy) - Radio Edit,David Guetta
46,spotify:track:6flXv5RQSGYMwCazxHsOE4,Shot Me Down (feat. Skylar Grey) - Radio Edit,David Guetta
47,spotify:track:60h8FdeudiJHhqNOwGZG86,Blast Off - Radio Edit,David Guetta
48,spotify:track:2Eb1Hk0pZGZDKeX9d6kNn9,The Death of EDM (feat. Beardyman),David Guetta
49,spotify:track:4lKaQizn2wwYisOlOMKC7P,Pelican - Edit,David Guetta
50,spotify:track:6ZmKxLKTDMRkZaAGurpSI7,Bang My Head (feat. Sia) - GLOWINTHEDARK Remix,David Guetta
51,spotify:track:0quh4EBgv9BIfeUoRbt6WS,"Get Down - Samuele Sartini,Jonk & Spook Remix",Italo Perez
52,spotify:track:0biFvMGEk0ZiwnbrrWyurC,Out of Love - Nightcore Version,Dominik Jesz
53,spotify:track:6XQqO0FJdxKJNb2kuGvYS0,I Had A Dream,Ricardo Rawal
54,spotify:track:6H3BvHjtEInNYZlmH3Nydb,Birthday,Ricardo Rawal
55,spotify:track:7p16HPRavwIuKMzD4weP8F,Can't Stop My Shine,Ricardo Rawal
56,spotify:track:252FTqJb26lbRPVQmJHRau,Paradise,Ricardo Rawal
57,spotify:track:0QD4eEFkbXbu6Drw6Hypkx,Addicted,Ricardo Rawal
58,spotify:track:1sdarqkaof1oN571Ew9E6v,Wine For Me Baby,Ricardo Rawal
59,spotify:track:2MphRyjh4afAL3XLuSdX6C,Current Affair,Ricardo Rawal
60,spotify:track:4Ib5X3IqHjseXR4yhHFako,Nuh Bad Like We,Ricardo Rawal
61,spotify:track:3fJ7sOLPSIA6sjGJXaFBpD,Party Badbwoy,Ricardo Rawal
62,spotify:track:739G44iYo86xlJu4SWTaPH,Jelly,Lucky Doug Fergus
63,spotify:track:4xjoKrHsg9OARvsto2trwP,Pearly Golden,Lucky Doug Fergus
64,spotify:track:5HjeBC2gjMnfe3HxzIwcUU,Far Away,Lucky Doug Fergus
65,spotify:track:1Kshq7liMLAX4TCx8Mdm1H,Gruv You Later,Lucky Doug Fergus
66,spotify:track:13j9FnWt1E0OuRpSHv3l4a,New Man,Lucky Doug Fergus
67,spotify:track:5rpeNj9rRtJgXBkFLXwxGA,Eternally,Lucky Doug Fergus
68,spotify:track:2imNxwa50uamJqI2ApN5M2,Why Did It Happen Again,Lucky Doug Fergus
69,spotify:track:42DjWfShTFoNQEHsHVxXXq,Rediscovery,Wahda
70,spotify:track:5sRZFINekoyKl5YyigRpAr,Wir waren so naiv,Frank Kozlowski
71,spotify:track:1BNHwNeMZRfrApda2PS7ul,Tripping,Sôra
72,spotify:track:7sXZ3HJiNio1zKgCBcH0LP,No Opps,Kingg Bucc
73,spotify:track:0N87j6QvfM8n4jo2SPyh8F,It´S Not in the Moments,Emadj
74,spotify:track:3p1CMf37VUi2ip3JuH32vS,HOOD N ME (Day in the life Soundtrack),Q. Garvin
75,spotify:track:5Ko7rp87lXuytr3ZyrGYo1,Looking out for No. 1,Lucky Doug Fergus
76,spotify:track:0RBhHqKwFrMpF9smZkIK7A,Patrick (Introduce Yourself),Lucky Doug Fergus
77,spotify:track:4TfTUyuaLLyWVB4Y6cQom8,People in the Back Row,Lucky Doug Fergus
78,spotify:track:12U8XCcY4Akrr0aPQv24Za,If You Don't Do It,Lucky Doug Fergus
79,spotify:track:1PAZIr0xGJNoe3h2j1yXuP,What Am I Doing Here Anyway,Lucky Doug Fergus
80,spotify:track:0IECiNEtQ1OVDASsNeHG7r,Roll Him Over,Lucky Doug Fergus
81,spotify:track:1NBkFqSFxOIEBNUZ2Id7i7,Rockin' couch Potato,Lucky Doug Fergus
82,spotify:track:4pybTHPTClMX3ZNIaGu1Wg,Love Like a Gigolo,Lucky Doug Fergus
83,spotify:track:1VgsUEgGqCSMnyM4qKya7c,House of Fear,Lucky Doug Fergus
84,spotify:track:5j77VhiTavuNkIEH2AyeWr,In Your Hands,Caroline Gustavsson
85,spotify:track:2nCAF4eF1QPE8AcbtdiGw2,Closure,4nzek
86,spotify:track:6dlEBeXWIjtVX0tjojP3Ft,Roll the Dice,Feral Ghost
87,spotify:track:6udJCVeluYiNVu19JQvkM8,Stay with Me - Redux,¥ANG
88,spotify:track:5bi7c3UvqOBXEZBDJKJ8u4,Fool's Company,¥ANG
89,spotify:track:6JWGOOmX3E5CZeuAonMewU,Madison - Redux,¥ANG
90,spotify:track:2mmhulOrNgj9YScVwk37Cv,Fools & Martyrs,¥ANG
91,spotify:track:4bVpI4WIctvZw0pfIiCT1A,Waldmannshaus,Frank Kozlowski
92,spotify:track:3x4dT01jvVg9FJOL7vMBnx,Havanna Memories,Entprima Jazz Cosmonauts
93,spotify:track:3E7sc2O8Qc1Gp9IeL2c9tk,Tango - El Gato - Los Pantalones,Entprima Jazz Cosmonauts
94,spotify:track:04EPILRLYU1nPcQb8lXJBu,Spicing With Jazz,Entprima Jazz Cosmonauts
95,spotify:track:2RNJypQKrFaqh6VyFOZOSS,Latin Electro Dancing,Entprima Jazz Cosmonauts
96,spotify:track:7cdApTU4nEsAgPMlQykisP,Waltzing To The Stars,Entprima Jazz Cosmonauts
97,spotify:track:7pYwg4ZjbLbN3PAkSt4vYE,Outer Greece Syrtaki,Entprima Jazz Cosmonauts
98,spotify:track:39UHWM1az7LWzkEoG8gkil,When Machines Dance,Alexis Entprima
99,spotify:track:2wNrJJTEaxKDrg09V4AT3a,Pulling,Sôra
100,spotify:track:2fa2K0no0DCePtwiEEZEWL,Now & Forever - Instrumental Version,Dominik Jesz
101,spotify:track:2N6amTz2RnT55oZ7GHYtrz,Listenin' (Intro) - Continuous Mix,David Guetta
102,spotify:track:2Hz8yIuevyviT7k2LN0NyU,What I Did for Love (feat. Emeli Sandé) vs. S.T.O.P. (feat. Ryan Tedder) - Listenin' Continuous Mix,David Guetta
103,spotify:track:4KTFfLOR9w3VWLMoKYFl90,What I Did for Love (feat. Emeli Sandé) - Morten Remix; Listenin' Continuous Mix,David Guetta
104,spotify:track:4n4gzE90LFBwZE86XbllGo,Lovers on the Sun (feat. Sam Martin) - Stadiumx Remix; Listenin' Continuous Mix,David Guetta
105,spotify:track:1L2DLOdfG1jHh7XYewDptW,"Yesterday (feat. Bebe Rexha) vs. Lift Me Up (feat. Nico & Vinz, Ladysmith Black Mambazo) - Listenin' Continuous Mix",David Guetta
106,spotify:track:0fIQvc5h8T9173DmOe9dLP,Dangerous (feat. Sam Martin) - Robin Schulz Remix; Listenin' Continuous Mix,David Guetta
107,spotify:track:2uE8oex0wLSUZD3Ur8kMIy,Dangerous (feat. Sam Martin) - David Guetta Banging Remix; Listenin' Continuous Mix,David Guetta
108,spotify:track:2BZV4YMUkl2B96TaK83zOj,Sun Goes Down (feat. MAGIC! & Sonny Wilson) - Brooks Remix; Listenin' Continuous Mix,David Guetta
109,spotify:track:70etV1enu30JmB4trRIwFT,Sun Goes Down (feat. MAGIC! & Sonny Wilson) - Hugel Remix; Listenin' Continuous Mix,David Guetta
110,spotify:track:2ViVrUNezsBRVnOyuPUvAG,Bang My Head (feat. Sia) - GLOWINTHEDARK Remix; Listenin' Continuous Mix,David Guetta
111,spotify:track:2xDXsaU28V1c73dxJOxgCX,"Hey Mama (feat. Nicki Minaj, Bebe Rexha & Afrojack) - Noodles Remix; Listenin' Continuous Mix",David Guetta
112,spotify:track:7LLzNQbyk0aV2RwSzhb7ac,"Hey Mama (feat. Nicki Minaj, Bebe Rexha & Afrojack) - Afrojack Remix; Listenin' Continuous Mix",David Guetta
113,spotify:track:0BCVesa9vk3jQhXQ1C0gWZ,"Hey Mama (feat. Nicki Minaj, Bebe Rexha & Afrojack) - Club Killers Remix; Listenin' Continuous Mix",David Guetta
114,spotify:track:5nDlSU5Yse741xGM7eVRY2,"Hey Mama (feat. Nicki Minaj, Bebe Rexha & Afrojack) - Cesqeaux & Jeremia Jones Remix; Listenin' Continuous Mix",David Guetta
115,spotify:track:3sUB9BsvGEbNmOwjQRy0s4,I'll Keep Loving You (feat. Birdy & Jaymes Young) vs Yesterday (feat. Bebe Rexha) - Listenin' Continuous Mix,David Guetta
116,spotify:track:0c6DmfwLYzO9ffTS6naWIs,"Lift Me Up (feat. Nico & Vinz, Ladysmith Black Mambazo) vs. Bang My Head (feat. Sia) - Listenin' Continuous Mix",David Guetta
117,spotify:track:3OHKmw72UQUS46H5SUo6s6,S.T.O.P. (feat. Ryan Tedder) vs. Goodbye Friend (feat. The Script) - Listenin' Continuous Mix,David Guetta
118,spotify:track:2hcHUGp2XSklWOzLEz6NpC,Clap Your Hands - Listenin' Continuous Mix,David Guetta
119,spotify:track:01ernMIZmczJ6N35O5oQTq,BAD (feat. Vassy) - Listenin' Continuous Mix,David Guetta
120,spotify:track:1Ty2QpEBFaQ19sVt5KZvvb,Blast Off - Listenin' Continuous Mix,David Guetta
121,spotify:track:1PScldrV392qovI1nThucU,Shot Me Down (feat. Skylar Grey) - Listenin' Continuous Mix,David Guetta
122,spotify:track:2TagwUQRWSmOCYaGDHlYKu,The Death of EDM (feat. Beardyman) - Listenin' Continuous Mix,David Guetta
123,spotify:track:04hXKSEXIffoMdLOyn1Cmr,"Hey Mama (feat. Nicki Minaj, Bebe Rexha & Afrojack) vs. The Whisperer (feat. Sia) - Listenin' Continuous Mix",David Guetta
124,spotify:track:2G3z1jOVJYVDvaiTVvvHls,Listenin' - Continuous Mix,David Guetta
125,spotify:track:3ejBSgX0DWS84r9xxLn7Al,Timeless,Rizo Balic
126,spotify:track:7KPTAJ6jNatKP21XpYVYGA,Gingah,Wrash Heed
127,spotify:track:70OZLPpCdyU3SHDksSdPbn,Dices Que Me Quieres,Dream of Orion
128,spotify:track:6ODL8JUIB58vf7B4tqJlC3,Changes,Caroline Gustavsson
129,spotify:track:3cf3HRljPb1yUySUgZglup,Joy To The World,Wahda
130,spotify:track:5IynoDJuVKLBbOVIfR8RIQ,In Your Presence,Hannah
131,spotify:track:7c6XZbc8WKu8OFnaXXREBq,Miles Away,Emadj
132,spotify:track:2bIB6WxNZmx0yiuvJBWcEn,Swiper Season,Kingg Bucc
133,spotify:track:5aYbK3V8NOadv10OKtnbWI,Big Shot,Kingg Bucc
134,spotify:track:1iZyxJjcKFqJd9gajDkbwv,Pick Sides,Kingg Bucc
135,spotify:track:0aXkYq1MXowFjMGnHhhc3Y,Mato (feat. Yung America),Kingg Bucc
136,spotify:track:4w9l1JEksXP3Bw0cGf5h0J,Bad Bitch Walk,Kingg Bucc
137,spotify:track:5RhuQzwR7edA55ADztrQuG,Baguettes & Chill,Kingg Bucc
138,spotify:track:4UDbEaqWIEutC9WdJyZkV0,White Collar Crimes,Kingg Bucc
139,spotify:track:4t7KZ3wveYVsO3gPrRngYV,Swipey Wifey,Kingg Bucc
140,spotify:track:6ULRA1WhJH8RZVP6Xf7DuM,Skank Like Me,Dorzi
141,spotify:track:6I2m0T90fRefwEsTjTLODD,Freaky Lil Bish,Tyler Lepley
142,spotify:track:0lFDoe41bKKCaAENb45fph,Boss Talk,Tyler Lepley
143,spotify:track:0JXb3HEVJUiYKvvgyEpy8R,South Memphis Shxt,Tyler Lepley
144,spotify:track:7mXZNkJ9DmSQC010dMKDoQ,Savage Savage,Tyler Lepley
145,spotify:track:5CQplNegBAyj8uYB5srhDw,Baddest to the Front,Tyler Lepley
146,spotify:track:6gNdEnrAdELQBLTNXq7eSR,Fuxed Off the Check,Tyler Lepley
147,spotify:track:6Pct7WNWWnf3PYojvKmhO9,Throw It Back,Tyler Lepley
148,spotify:track:6DFCTCPLTi1YCDOCjRK3kk,Pynk Diamond,Tyler Lepley
149,spotify:track:2ItXdYjoRI5AsbLjopR3d3,No Yahoo,BTB
150,spotify:track:0X677RFnNJM4WmCnIIPniL,One Mile,Frank Kozlowski
151,spotify:track:57gYD0KCYqMPAPoH5KXnqr,One Episode,Frank Kozlowski
152,spotify:track:5zaFITbGqpwPwVFUciEH8L,Planet Z,Frank Kozlowski
153,spotify:track:2e2LHtP1ZNfk4KJQVQNWQ7,Route X 12,Frank Kozlowski
154,spotify:track:5zvP0wrnjUt69dkzLJf20l,Muddys Angles,Frank Kozlowski
155,spotify:track:5Mc1wOQzS4lArOQsEfNEW6,Black Planet,Frank Kozlowski
156,spotify:track:2EnlpfbmUGjpv6rm54EQzL,Planet Q,Frank Kozlowski
157,spotify:track:3TM5uence0noKG1EZKxw15,In The Far Country,Frank Kozlowski
158,spotify:track:2ls5UZpNgBRBtKw0pJpQ7w,One Way Ticket To Mars,Frank Kozlowski
159,spotify:track:7iqfYdqH8LWM2DvrErCQEW,Elevate,Big Klef
160,spotify:track:1QS45tAjG0o7mzxK6tngta,Idiagbon,Big Klef
161,spotify:track:1niyDWNOQpnS7cbpUioY8k,Agbalagba,Big Klef
162,spotify:track:2qsnr2o2gJ5ZwQm4wneX7a,S.F.T.B,Big Klef
163,spotify:track:69fnsmxBbXusU8qofIZ95t,Reppin,Big Klef
164,spotify:track:4XPkiT4Xcba2T82IKuIkHD,Dripin,Big Klef
165,spotify:track:0yaj6Brxbwf8Irhha94KPH,Fire Dancer,Big Klef
166,spotify:track:6jtXwCQXJ404kzBJpIP6S5,Good by Tomorrow,Big Klef
167,spotify:track:4pIpHqJiUoDHRSb0R1mBwd,King,Big Klef
168,spotify:track:0nM5Jc7A7b7NS8ICEliVAr,Everyday,Big Klef
169,spotify:track:4yjc5CJQPDs4xvgC81MF8E,Interpretation,Big Klef
170,spotify:track:5hawGxYG39mjcWA8wPsFu7,Dripn (Remix),Big Klef
171,spotify:track:5vqy5kLcsEu0U6C6gK0C51,King (Remix),Big Klef
172,spotify:track:6HnqVTgjDijIK1QlGRCMbn,Le Chant des Sirènes,Captain Entprima
173,spotify:track:31laJVk6SIZf23bDhdQJ8n,Saide (Abschiedslied) - deutschsprachige Version,Gliffo
174,spotify:track:1lJxtacX9cuHk6AlOWxdSi,Eyes Of A Devil [Weisser Quiff Remix],Nexeri
175,spotify:track:7yZxvkAUmDOvyPWtGaUVKg,A Piece of My Heart,Rizo Balic
176,spotify:track:5g3x3vZnvQnDdt6F3PEmXy,I Feel Love,Dream of Orion
177,spotify:track:5OLNXeQwNTsoCbY4h2l2Zg,Satin Blue,¥ANG
178,spotify:track:0fN83tuYj6lg1PutQ4QVKY,Get The Sun In Your Head - Julius Koesling Remix,Gliffo
179,spotify:track:25IgGXZtCy4wspe4fb6sSL,Get The Sun In Your Head (Remastered 2020) - House Radio Remix,Gliffo
180,spotify:track:5kpWIz1QkrY1naeQRkv5LB,Get The Sun In Your Head - Mel Gold Lounge-Remix,Gliffo
181,spotify:track:5Qqs28cyGTOQSfkPYOy7rI,Remember Me,Edwin Kev
182,spotify:track:3dPyL526dzfwneE919M38S,A Million Stars,Feral Ghost
183,spotify:track:1zZOM2Q7aszDJrqJ5OJgso,Missing You,Feral Ghost
184,spotify:track:2XaKeBccFYxJ13WAW5Ovrj,Secret Eyes,Feral Ghost
185,spotify:track:0X5kmdZUkcB4LbsSi2oHkI,5 A.M.,Feral Ghost
186,spotify:track:570hn3cH80M4vCpwpZQFag,We Are Alive (A Gathering Storm),Feral Ghost
187,spotify:track:6vxB6chb9AuTeNBIb72488,Gabrielle,Feral Ghost
188,spotify:track:1bJDOb9hPsVwRsg37MZjVO,Show Your Love to Me,Feral Ghost
189,spotify:track:359Pc5tbHHnqZcGVUeTYpj,Who Will Save Me Tonight,Feral Ghost
190,spotify:track:1rYn5li6OAYlh2Hb2UczMN,G.L.A.,Feral Ghost
191,spotify:track:1DrzZouIBEWU5m99BSnAO8,Wednesday's Child,Feral Ghost
192,spotify:track:5ZHqQaateLVfLMiuSRTGtN,Conjunction,BVLVNCE
193,spotify:track:5HAb4zO75lvXS2VkVdv08e,Hark The Herald,Wahda
194,spotify:track:3LfknHxcWURklWYnZPo5r9,Bleak Midwinter,Wahda
195,spotify:track:5Abzj3ZpkdACNkgnuSKzzE,S.N.L - Radio Edit,T.Rozie
196,spotify:track:7FaVj6SnKN0g6DrRvw7etD,Shine On (You),Jo Oliver
197,spotify:track:6crlD7ehqxcX8YgkwPuYes,Check N Step,Kingg Bucc
198,spotify:track:0YWf4aBWLHdSAcaez4Fer4,Let's Get Back the Feeling (Radio Edit) - Samuele Sartini Vs Jordan Dee,Samuele Sartini
199,spotify:track:33n9yDsDWIu6CQLPcqqNeY,Let's Get Back the Feeling (Gambafreaks vs. 3 Sound Academy Radio Edit) - Samuele Sartini Vs Jordan Dee,Samuele Sartini
200,spotify:track:4OJZOVFZYYOve3z11JRBEI,Let's Get Back the Feeling (Club Vocal Mix) - Samuele Sartini Vs Jordan Dee,Samuele Sartini
201,spotify:track:1Fk3gASsU41Um58gVG1IrU,Let's Get Back the Feeling (Gambafreaks vs. 3 Sound Academy Club Remix) - Samuele Sartini Vs Jordan Dee,Samuele Sartini
202,spotify:track:3EiPhakC4BpHre01vUSbkr,Let's Get Back the Feeling (Relight Orchestra Remix) - Samuele Sartini Vs Jordan Dee,Samuele Sartini
203,spotify:track:4ob0o0HI0eCbKW8CZkduuI,Let's Get Back the Feeling (Adf Remix) - Samuele Sartini Vs Jordan Dee,Samuele Sartini
204,spotify:track:51ok8m0xzgQCpVHGPHGkJX,Berlin,Englishman in Berlin
205,spotify:track:6f5Uo0bkWjWFdmKWh9NCfQ,Situation for a Song,Englishman in Berlin
206,spotify:track:0MVp9RbBYzwFl3Wynam52g,Wecker,Englishman in Berlin
207,spotify:track:4FSaFWUu8PCH9lgHGLYD2C,Cup of Coffee,Englishman in Berlin
208,spotify:track:5xAH3VghAIUg0z59my6F1e,Lange nicht mehr auf'm Wedding,Englishman in Berlin
209,spotify:track:6ESu9sxyP18ZsNyqOGFdul,Nothing to Lose but the Blues,Englishman in Berlin
210,spotify:track:5wBTE9EdKWfLjlXCSg32i1,So wie du bist,Englishman in Berlin
211,spotify:track:3bmjHFawJkdgiLbtoNLlsF,Cool Day,Englishman in Berlin
212,spotify:track:5IA4VicrbOqpnjF4Wmdbg9,So weit weg,Englishman in Berlin
213,spotify:track:2liNk1vp57IkBimCZK2qQa,Hey!,Englishman in Berlin
214,spotify:track:2mNYkSJZMXGJkTwWTPEN21,The Onion Man,Englishman in Berlin
215,spotify:track:2i5iY4mECWH20doBFH9ZKy,You Can Do It,Englishman in Berlin
216,spotify:track:40e9ZWk6i8yMbZGE7dv0gB,It's Been a Long Time My Friend,Feral Ghost
217,spotify:track:3bnWugS2GHtAg8YPqF1btP,Purity,Dream of Orion
218,spotify:track:3Fc2R4eRbMlrfigrnyRepw,Human and Machine Have Unlimited Fun Together,Alexis Entprima
219,spotify:track:2PNk4EMJBEXYLQiRoqPEGL,Rockin' Couch Potato,Lucky Doug Fergus
220,spotify:track:4g1hufhFsmVpMzlsTFtNSl,"Jhen Shino (feat. Danagog, Chay & Razz)",BTB
221,spotify:track:6IWTW2opwPisL7kxHnXqLj,Energizer,Wahda
222,spotify:track:6j5YVSivQjj54IMQr6CzLG,Body Language,Kevin Jenewein
223,spotify:track:6wZ2yDhxzlowypaUtJ9RXa,You Don't Know,Eva No
224,spotify:track:18asYwWugKjjsihZ0YvRxO,The Motto,Tiësto
225,spotify:track:71dBdx7gW4cX5a6CMDoAmB,Breakaway,Weisser Quiff
226,spotify:track:54jAOpt0YBBli1a8QyTdwt,Intro - Elevated,Mr. 2Kay
227,spotify:track:1qmnVMAvqTvFA6LqkgEVAs,Pray For Me,Mr. 2Kay
228,spotify:track:2JfdA6m99JW6CG6cKwmuix,My Lover (feat. Efya),Mr. 2Kay
229,spotify:track:674kRn5Nc12CKGn7G5FaQs,Die For You,Mr. 2Kay
230,spotify:track:6zRdu2fNxXQvsCL6iHKvRM,Belema,Mr. 2Kay
231,spotify:track:2GkWPk9yhIYcYnbi1zAJuM,Bad Belle,Mr. 2Kay
232,spotify:track:49t8zsIrZzvzoF7Kr6UTMF,My Money,Mr. 2Kay
233,spotify:track:668L4NGvAN8ALuZOslHVmM,Your Body,Mr. 2Kay
234,spotify:track:6CpQtgEyjeDFiLglKRGFAY,God Can Bless Anybody (feat. Idahams),Mr. 2Kay
235,spotify:track:0HdejDXMU6D1j2Zqe3buhj,Take You Home (feat. P.R.E),Mr. 2Kay
236,spotify:track:2G1npR4mS5wfoemUZiGvSe,Banging (feat. Reekado Banks),Mr. 2Kay
237,spotify:track:3ocbFnG2cOpM6ygqyxNXq5,Sempe (feat. Lil Kesh),Mr. 2Kay
238,spotify:track:39zyZGfSKwiT8tSbQbDBTc,Life,Mr. 2Kay
239,spotify:track:1SlKowYDQah7gKUpuUUlgo,Body of a Goddess (feat. Cynthia Morgan),Mr. 2Kay
240,spotify:track:2JHJE5wUsrRffs2GBykCCP,Money Na Man (feat. Harrysong),Mr. 2Kay
241,spotify:track:0Lsyauq8lPlj9UmuNGwXFy,Belema (feat. Peter Ajani) - Sax Version,Mr. 2Kay
242,spotify:track:1qUc3iNyysv0siL1Q5d3Yw,Breaking Down My Walls,Caroline Gustavsson
243,spotify:track:53QTsIl0uXEo5x4EeTbLWn,Away,Wrash Heed
244,spotify:track:08Ins6wpCCyvSFdbca9YOV,Ladun,Wrash Heed
245,spotify:track:6t5Pu8YvKXwtEwamuP3AIE,Like I Do,Wrash Heed
246,spotify:track:7xcPnuALUFS7MKQIt3nzgH,Be Happy,Wrash Heed
247,spotify:track:4a484J8SGVyDWIOs2Gn4yt,Kiss Kiss,Wrash Heed
248,spotify:track:00E4ZBVFwlfiPw1YzBu9DH,Keep on Rocking,Wrash Heed
249,spotify:track:5iphDPHUbJ8DS14jCLIIlh,Saide (Sad Song) - English Version,Gliffo
250,spotify:track:5oW7DeR9CA1zEM8Q9qzMQU,GIOVANI & BELLI,DIV3RSO
251,spotify:track:3yHH3LPyinYelEnaj15yKb,Alright,Junerule
252,spotify:track:0A4G1oklAfEAtzPqV8wCWs,Turned Seventy,Englishman in Berlin
253,spotify:track:1t1rtS3iCHGVzkv7ZRhSpi,Berlin Blues,Englishman in Berlin
254,spotify:track:78MuJNpR3DMZKTuLUpFpNP,Crazy,Englishman in Berlin
255,spotify:track:0mqjD9kYH77Aj5510YmsUe,Can´t Change My Frequency,Hanna Söderberg
256,spotify:track:4vM9ZKQGC0kc9AZ3nzFyMK,Good News,Lena
257,spotify:track:7AOFVm56pRf7pVWJJN2jOE,What Happened To Me,Lena
258,spotify:track:5GjGxKe0615CE01nAhxDbL,A Million And One,Lena
259,spotify:track:0lSIKSJzEC805NikBjnbsb,Maybe,Lena
260,spotify:track:10qyW9RoKPv2VGVqp0XSA4,I Like You,Lena
261,spotify:track:6HD77xr43WGquN3OGGO3M7,Mama Told Me,Lena
262,spotify:track:4Mzo8yghFYMTz6ySuVZr3v,Push Forward,Lena
263,spotify:track:5T9Lk3qwecJmla6UkN8wLV,A Good Day,Lena
264,spotify:track:3NLpmfQNSPKNTMcg8zqCmI,Taken By A Stranger,Lena
265,spotify:track:2nJOvxnhVWzZTuJDZiGl0h,Teenage Girls,Lena
266,spotify:track:5bItzWuFeIzFjBpfkOoYKv,That Again,Lena
267,spotify:track:2NmihYcw3U7BHidCUcWeWJ,At All,Lena
268,spotify:track:3tgzgDxVNbKDboRzt7JhGN,Contraband - Instrumental,BTB
269,spotify:track:5E09eDOmxVEaEGGAy0JHue,All or Nothing,Emdey
270,spotify:track:68whsYiTD3T6XY0R7bVuKy,All My Life,Emadj
271,spotify:track:7EW0eNjPmT4khKxA8LsslO,Tron Takes the Train,Vix 20
272,spotify:track:1UNGL2EOLJ3lpH5Lj2gvKK,Tron Takes the Train - Allan Mcintyre Remix,Vix 20
273,spotify:track:0wjqRiK1EHcs94OHGLQZhw,Tron Takes the Train - Greg May's Human Race Remix,Vix 20
274,spotify:track:0NWkmSugVGsKLtUa31w2qi,Tron Takes the Train - Spatial Awareness Wrong Platform Remix,Vix 20
275,spotify:track:01zaSGsXvPX53JPFlvVWgS,BALENCIAGA,DIV3RSO
276,spotify:track:6DdYzngJqDM7YNIR3KLGU1,Rock Steady,War Syntaire
277,spotify:track:7oy0WuSVcukZJHFXFnaiMg,Dr. Feelgood,War Syntaire
278,spotify:track:6BdGDd9vsNy81ndlSxho4F,Funky Town,War Syntaire
279,spotify:track:2hbl7gFgWJ5eWilU2JaYKH,"Ya Mon, Irie",War Syntaire
280,spotify:track:55ZzRvtaKULQfDxmItdPbO,Vampires Rise,War Syntaire
281,spotify:track:1JB5UwXAqtEMUivoLWgdD8,Space Station #9,War Syntaire
282,spotify:track:7JuhJUHFue76i0hxiK3jHR,Dirt (Radio Edit),War Syntaire
283,spotify:track:1vEELf77TI2jNIVyE5V0LH,HAPPY WOMAN,Rizo Balic
284,spotify:track:3FIcXRVCSUXvJ9rZKy8caj,I CAN'T GET YOU OUT OF MY MIND,Rizo Balic
285,spotify:track:0ya9xZFmQWp5UubkUeSN2g,WHEN I'M IN LOVE,Rizo Balic
286,spotify:track:4QpdusJJitbYlas2q3Ezux,I CAN'T LIVE WITHOUT YOU,Rizo Balic
287,spotify:track:2eq31Lwg65lTy0Ycb7J2Ts,SONG FOR YOU,Rizo Balic
288,spotify:track:43ZiKjdqyR0l5atP4FcLIy,HOLDING ALL MY LOVE,Rizo Balic
289,spotify:track:6g7QlEmTpfgCbfdL6sMCAW,EVERY MOMENT,Rizo Balic
290,spotify:track:1pBT4QEzGaAjgpEeF263xo,WANTED,Rizo Balic
291,spotify:track:2AYUxFxe0jfMUbKMShvAn1,BROKEN HEART (ALL IS OVER),Rizo Balic
292,spotify:track:0fDC2uSE63OrhwQoiMKtqd,THE HAPPY DAYS,Rizo Balic
293,spotify:track:2LE4WLXLwmoliK0vT6FddA,I STILL LOVE YOU,Rizo Balic
294,spotify:track:3A9SzbaDQAYvuOfUx0jgsW,DON'T WANT TO HATE YOU,Rizo Balic
295,spotify:track:0JktuFBMzP2tNZ0pbuulgV,TRUE LOVE,Rizo Balic
296,spotify:track:6eJgIBWX4MP9PyGoOA1T7L,CHANGE YOUR MIND,Rizo Balic
297,spotify:track:2as5qTDxsW9X0U4LIeTkeb,STILL WAITING,Rizo Balic
298,spotify:track:2EKDfT2f3qkWCB3rfCvkBR,Introduction to Compilation Sincerely H.G.,Horst Grabosch
299,spotify:track:1w0LzqpwIaaceUvB0hJ3WG,The Bard of Lost Dreams,Entprima Jazz Cosmonauts
300,spotify:track:6EpSv8bC9pGKQLp8xuMpEL,Field of Love,Entprima Jazz Cosmonauts
301,spotify:track:2UVdlsLBsmVfmGiZoFXA1j,Summer on the Island,Entprima Jazz Cosmonauts
302,spotify:track:45fax13aG9KT4tC7SlWd9w,The Ways We Go,Entprima Jazz Cosmonauts
303,spotify:track:4q3Xh9JVsOnfDpiPGnyXUH,I Wonder How Strong I Could Be,Entprima Jazz Cosmonauts
304,spotify:track:05GxFpidMvXCqunFE4Gdzd,Life Tastes Bitter Sweet,Entprima Jazz Cosmonauts
305,spotify:track:5S3Ovh1n9t0cAZxMedS88u,Avoid Cable Cars to Mountain Peaks,Entprima Jazz Cosmonauts
306,spotify:track:7BubFwzPhqCWi9jj0hUWU4,Summer Breeze,Entprima Live
307,spotify:track:411sgI8sDIvu5cxTCd7CPu,Life Is Not Endless My Dear,Horst Grabosch
308,spotify:track:1d4gon8CRiTptwwnWrBp3x,Euphoria of the Dawn,Entprima Jazz Cosmonauts
309,spotify:track:2owXrVkak91QMIb6vVJ5aR,Vermeide Seilbahnen zu Berggipfeln,Entprima Jazz Cosmonauts
310,spotify:track:1mKnzPuoEhyGP1dgMvOzfT,Gammal fäbodpsalm - Live,ABBA
311,spotify:track:6YPvn6me5k5OiXVPtgmeak,Voulez-Vous - Live,ABBA
312,spotify:track:3GcRxtoMaxXe4zjvRLzZlr,If It Wasn't For The Nights - Live,ABBA
313,spotify:track:4juV8pzyyD53BeWJzCanQb,As Good As New - Live,ABBA
314,spotify:track:5wTlYf7V2ser4UslPKxIKU,"Knowing Me, Knowing You - Live",ABBA
315,spotify:track:43iNYzBbyAQF29CjsalAik,Rock Me - Live,ABBA
316,spotify:track:5VFWFYzo4stfWnux8rWdPO,Chiquitita - Live,ABBA
317,spotify:track:0M4KWb0efz5XjIfmPix6sQ,"Money, Money, Money - Live",ABBA
318,spotify:track:7K5sFSOkP1Yz7xJipXDaBV,I Have A Dream - Live,ABBA
319,spotify:track:3hEy5GbQv7yC1X6yhoPz2y,Gimme! Gimme! Gimme! (A Man After Midnight) - Live,ABBA
320,spotify:track:3t07NlsvTzarYlPyogvZ8O,SOS - Live,ABBA
321,spotify:track:1N2NXpj3uukS8QsHURfnQv,Fernando - Live,ABBA
322,spotify:track:6o2yOoSIpSJT919HlUETqW,The Name Of The Game - Live,ABBA
323,spotify:track:6T1kgceAMBVmjyKzDXNlh2,Eagle - Live,ABBA
324,spotify:track:1PnrWsfhSFLcNhaKD7bANM,Thank You For The Music - Live,ABBA
325,spotify:track:1FwzC6Wsw5a6YJQsSxGL8n,Why Did It Have To Be Me? - Live,ABBA
326,spotify:track:2orRq69FVVrlVedoi4882F,Intermezzo No.1 - Live,ABBA
327,spotify:track:4kZlykyOQ1w31YA3RirCvQ,I'm Still Alive - Live,ABBA
328,spotify:track:07bNRNkdQeUGMidjbZyCyB,Summer Night City - Live,ABBA
329,spotify:track:7mHjo6TCCMmYk5zQ9jlMBX,Take A Chance On Me - Live,ABBA
330,spotify:track:2k2rZwlotD4XzDtgjEF9IN,Does Your Mother Know - Live,ABBA
331,spotify:track:7tQArNO9133ADo6e6Barkx,Hole In Your Soul - Live,ABBA
332,spotify:track:0snim2CMV62M4JocWIpjGH,The Way Old Friends Do - Live,ABBA
333,spotify:track:7uCt8IA0PnfsEoTMk7By1Q,Dancing Queen - Live,ABBA
334,spotify:track:3eNYZ1f1sLkylk0kc60Vir,Waterloo - Live,ABBA
335,spotify:track:1zXUlnKL3c8bTLP4g5YX8T,Dass es uns noch gibt,Maite Kelly
336,spotify:track:3mksgDukCCkggXNAnuO91f,Liebe lohnt sich,Maite Kelly
337,spotify:track:4fThp8A6ywfET7m26KnNYa,Die Liebe siegt sowieso,Maite Kelly
338,spotify:track:6MmefyB5EHF7gse6PzWPNF,Heute Nacht für immer,Maite Kelly
339,spotify:track:6khAVqMb8GT814ptomemwD,Ich dreh mich nie wieder um,Maite Kelly
340,spotify:track:7r50QqpGssLUevZZ7lLb0m,Mit dir hätt ich zum Leben Ja gesagt,Maite Kelly
341,spotify:track:1FSh38rd3EdMEnNUaazQbV,Ich bin da,Maite Kelly
342,spotify:track:4yqSgH003O7yURda2RvZYW,Held (Ein Löwenherz),Maite Kelly
343,spotify:track:7mEPBTXyzakG2Y3BMS060Y,Wenn ich liebe,Maite Kelly
344,spotify:track:2uyFrT2eTSb08KsClQlWfh,Ich lass los,Maite Kelly
345,spotify:track:72UvexLj95AopajDUU8MlL,Hell wie ein Kristall,Maite Kelly
346,spotify:track:2f37yZXbxm7I1MEhaPE9zn,Sag nicht sorry,Maite Kelly
347,spotify:track:6c1Qe7m6JiGlHCxrnopzPR,Fortuna trägt ein Kleid aus Gold,Maite Kelly
348,spotify:track:0pDhvVjPkgCPNP18tHr6rD,Lass mich nicht los,Maite Kelly
349,spotify:track:4O9u3QdzIUEDUxgP7SOPK6,Atme mich ein,Maite Kelly
350,spotify:track:0nXWa5xdBsHVYYFQ3b5Iwi,Hier und jetzt,Maite Kelly
351,spotify:track:4vyAdJBYALOT146OYWujRX,"Denk daran, wer du bist (Aus ""Die kleine Hummel Bommel ist mutig"")",Maite Kelly
352,spotify:track:5Yc8mGA583w9gm0SZglJki,"Du bist du (Titelsong ""Die kleine Hummel Bommel"") - Version 2019",Maite Kelly
353,spotify:track:2vI0FjuXdZhANTy9inmvZI,Warum hast du nicht Nein gesagt - Romantik Version 2019,Maite Kelly
354,spotify:track:71WmlddPeUGoHAzx4NT2fH,Klinget hell ihr Glocken (Klinga mina klockor),Maite Kelly
355,spotify:track:0RG5gABbzRI6hlBI1a1U9G,Soldier's March,War Syntaire
356,spotify:track:2cbG0ucOys6tVOGmJI1cdo,Look Around,War Syntaire
357,spotify:track:0wKgI8EMHLRoUowgKsbEcU,Oblivion,War Syntaire
358,spotify:track:0dt7wLUPA42GkCVylDNOFA,Warrior,War Syntaire
359,spotify:track:4LxU2GzKxP7X3bLEpe7PDP,Abyss (Instrumental Version),War Syntaire
360,spotify:track:4MZ3xiTIkrKxy5sYOAevxh,She Gave Me the Blues,War Syntaire
361,spotify:track:7HqBnkusAEf331c6I6HDMD,Forever (Instrumental Version),War Syntaire
362,spotify:track:7wEUpEEBwSTKZLbhx8QxDD,Fur Elise,War Syntaire
363,spotify:track:4B0hvEgyArK0kHqgcIHYhX,Badinerie,War Syntaire
364,spotify:track:50DRmKPXrhMG2KXVIypjT9,Hold Me Closer,Hannah
365,spotify:track:7Hx0XyWIDxqv33fVr9l4IW,Going Harder,Kingg Bucc
366,spotify:track:4IdTQx7HWYG1vkhk95irFH,Yeah!,Drunksouls
367,spotify:track:2upbXCiSjVTVnKEoZ0LvMS,Shawty,Edwin Kev
368,spotify:track:3lAYjqIzhVszc6F78IsycT,D.O.Y.,ManCub
369,spotify:track:13CVSGLSFl4UxpDVR6u3dq,Strangers By Nature,Adele
370,spotify:track:46IZ0fSY2mpAiktS3KOqds,Easy On Me,Adele
371,spotify:track:2DuPBbS5mIldXnh7Wum8Cy,My Little Love,Adele
372,spotify:track:09u787BYeYIGd2mFIJ505t,Cry Your Heart Out,Adele
373,spotify:track:3Kkjo3cT83cw09VJyrLNwX,Oh My God,Adele
374,spotify:track:6w8ZPYdnGajyfPddTWdthN,Can I Get It,Adele
375,spotify:track:6v0UJD4a2FtleHeSYVX02A,I Drink Wine,Adele
376,spotify:track:496vIKS2INz840xZaKncvR,All Night Parking (with Erroll Garner) Interlude,Adele
377,spotify:track:2c6xRsQBv7pynuhYhWoHxo,Woman Like Me,Adele
378,spotify:track:6bGMSP3H9YqkmaLnaJTIoF,Hold On,Adele
379,spotify:track:10ImcQk9tihY1EKMDIbvXJ,To Be Loved,Adele
380,spotify:track:2j3GxEsbNYNeEzz86wDY4J,Love Is A Game,Adele
381,spotify:track:1LLkqU1W8DUVtQl8jMtFLI,Feel your love - Radio Edit,Sightseer
382,spotify:track:0jjYq6uxZLCrQzo89Ym0Ea,dear L,Lena
383,spotify:track:7mIYFzxKWOYejNfMsjBStw,thank you,Lena
384,spotify:track:1HTo6wRrKquE64MDdpJuFl,private thoughts,Lena
385,spotify:track:69pDGXAeiBbqpjD43GJko2,scared,Lena
386,spotify:track:6NvcOlh7gtas2XCW2KACYo,life was a beach,Lena
387,spotify:track:6KNyuPypxUuGzTGh4JxiFH,sex in the morning,Lena
388,spotify:track:2FnWOTzG3SuGmAYIjMScWn,note to myself,Lena
389,spotify:track:1VmMYBQGnxt0QsRq70Abt7,love,Lena
390,spotify:track:2BPdf6ZdGD8WXm70dPSZGM,don't lie to me,Lena
391,spotify:track:448p6uCY0QPTu0ic2revpy,stuck inside,Lena
392,spotify:track:3MryyXwUc25WUTZ15WmQ80,skinny bitch,Lena
393,spotify:track:2CRj04UvYyH06hDsNiYIe6,boundaries,Lena
394,spotify:track:5tCXTNrlTmylDDdg8IQXJl,ok,Lena
395,spotify:track:3jCMdvc8bFOKChETbFV9Zc,Better,Lena
396,spotify:track:06yCZ4UTuXYSuzpCX5rC2n,it takes two,Lena
397,spotify:track:3Aix8COklPhuTxsUwmLnHO,thank you - acoustic version,Lena
398,spotify:track:3EAVoNGNBkajv3nc6lDyV8,don’t lie to me - acoustic version,Lena
399,spotify:track:77eyRVzGTfdeoE5WTvfysn,skinny bitch - acoustic version,Lena
400,spotify:track:4EO8ScgYoFs71wY6FCxw8Z,Better - Acoustic Version,Lena
401,spotify:track:6qupbuq7a94WJwrIC9vTVo,How Long Can I Wait for You?,Evelyn
402,spotify:track:05tcgXXA1ZvIXxnvKP5lXC,All In,Wrash Heed
403,spotify:track:2Uq1SksuEPSNzC9YgGQcpC,Pepe,Wrash Heed
404,spotify:track:1T5CFUaep6DxkpL0nqFe24,Credibility,Wrash Heed
405,spotify:track:3njvooDrlKG9hXtjxZxpny,Jenbe,Wrash Heed
406,spotify:track:2TtnsjtvjYPae6EaxseDDo,Location,Wrash Heed
407,spotify:track:7t4lxGubJovbFTHLm1g5gD,Problem,Wrash Heed
408,spotify:track:6yeeycT87aeaEXyrXLHRKV,Chill in Ibiza - Remix,Sightseer
409,spotify:track:11jVZ1oQGqU33TY5UORQBg,Mess it up - Radio Edit,T.Rozie
410,spotify:track:2mf91kHCEpHyPVA04oB95v,Neer Sindhiya Rathathala,Hannah
411,spotify:track:6fbg6oJb0L9mvGvcagzI3D,Gunslinger,Cold Ca$e
412,spotify:track:69vwPTiTj5B9EdzSaVTVid,Geboren um dich zu lieben,Nik P.
413,spotify:track:3AU5xhD2VBWv1BcyUvOxv1,Du musst ein Engel sein,Nik P.
414,spotify:track:0qFer2mEMFWGaprzcU0xum,Ich schlüpf in Deinen Mantel,Nik P.
415,spotify:track:3d8y3F5j5rUqtnBrNl52Ch,Die Geschichte unserer Liebe,Nik P.
416,spotify:track:7jzH60kwdLvaQc1Of96oou,Wahnsinn dich zu lieben,Nik P.
417,spotify:track:0BH06kS2kd7RAX8VT8VV7p,Sand vom letzten Jahr,Nik P.
418,spotify:track:3lYdW0LPLlq8YauGMlHg42,Wenn ein Vogel lernt zu fliegen,Nik P.
419,spotify:track:0M65AWnqui7yG40obNrlww,Löwenherz,Nik P.
420,spotify:track:3VuTZ9glq8HKVwu0njIMvo,Wenn dein Herz nach Hause kommt,Nik P.
421,spotify:track:5jw8ZB2aZMFqz0hu0DQ5ho,Mit dir drehen,Nik P.
422,spotify:track:3OpJOIv9MdTMJ89wwnf14m,"Weißt Du, wie es ist...",Nik P.
423,spotify:track:5m818dpO5H0qpFuUqau569,Irgendwo ist immer Sommer,Nik P.
424,spotify:track:7yV9PS4tsuoKvHGGBFtOsS,Ganz großes Kino,Nik P.
425,spotify:track:1tU4R6vgQAKrVyQujY4WIh,Endless Dream,Evelyn
426,spotify:track:1CLW1Zg3dReRyuWW7WqzcD,Jo,Wrash Heed
427,spotify:track:4iZBgyOkJDVXxRUHdtYIed,Gum Body,Wrash Heed
428,spotify:track:3jImQACjRBqDIDjVXb5YFx,Tishe,Wrash Heed
429,spotify:track:7891mCVvTUS5srvBHeuJ5I,Love in the Wind,Solkatt
430,spotify:track:1XaI78f3z57GXPdTx0yIaW,Bunny Boiler,Dorzi
431,spotify:track:5h8p9hKWW094K9uXsKQJjp,Toxic,T.Rozie
432,spotify:track:7106jidndDPAVbzRnZA9QE,BRIVIDO,DIV3RSO
433,spotify:track:0MqAPFOPECVF6aXkEQatfA,Happy Woman,Rizo Balic
434,spotify:track:7swQ1pHjouEtiDogU5fMRS,I Can't Get You Out of My Mind,Rizo Balic
435,spotify:track:6BtMPO17MWnJkQCFEARbcP,When I'm in Love,Rizo Balic
436,spotify:track:3X60Z8AFusAXqv4Q22e27s,I Can't Live Without You,Rizo Balic
437,spotify:track:2EQUMEQbL9DRFI48z5bv6p,Song For You,Rizo Balic
438,spotify:track:03E3pKIM9iYxHHX7WyYjqi,Holding All My Love,Rizo Balic
439,spotify:track:2pIr6EEPPaM84n9UPjQsVY,Every Moment,Rizo Balic
440,spotify:track:0DGFnWHDWRTyJ1qVBlvnM8,Wanted,Rizo Balic
441,spotify:track:6FJTpTv2Is9oiHn4QRDZgI,Broken Heart (All Is Over),Rizo Balic
442,spotify:track:6QCK4BEzNKwwUL5ZYsXSHK,The Happy Days,Rizo Balic
443,spotify:track:1IFjcCWfC7SzTtqH03iHi9,I Still Love You,Rizo Balic
444,spotify:track:6P2bYWjPldBo5ZDwWZj8OX,Don't Want to Hate You,Rizo Balic
445,spotify:track:5nQ0PAIMmlIqiGKGgrR0kq,True Love,Rizo Balic
446,spotify:track:0vzXysAvXNSF6X12coK57y,Change Your Mind,Rizo Balic
447,spotify:track:526WushsI7dRltcx3usIFP,Still Waiting,Rizo Balic
448,spotify:track:5wcX2NmazRkKYLMDpUHSyI,EveryTime I Cry - Sigala Remix,Ava Max
449,spotify:track:51YKPkF53IutcStkIThEdv,EveryTime I Cry,Ava Max
450,spotify:track:1NkJG9XUZSgznWfcOWRQfl,Daydreamer's Dance,Alexis Entprima
451,spotify:track:5XSamYUHzQVWPd3kPtvlbE,Making Conversation,Eva No
452,spotify:track:7ampXjVdiWFwlTsCGFFpKQ,Rolling in the Deep,Adele
453,spotify:track:0SzhzxWXilUWdzuolVz91c,Rumour Has It,Adele
454,spotify:track:7Md1AhJK3O4ydIsitvrAFv,Turning Tables,Adele
455,spotify:track:2NBIWSnLGm7rxH98ht61nV,Don't You Remember,Adele
456,spotify:track:2fpjctwfhxSKo9yAvoLPR8,Set Fire to the Rain,Adele
457,spotify:track:54XtUMO7hwissZ2jS33Cjd,He Won't Go,Adele
458,spotify:track:5ra0Wiu2KghieIs8AwaR66,Take It All,Adele
459,spotify:track:4MKfxtpVx2iPLD4kr1exwi,I'll Be Waiting,Adele
460,spotify:track:5ee9sy2P09TAMy4U9YJ94X,One And Only,Adele
461,spotify:track:4zjavVG4ZqfKY0ItrdWqeu,Lovesong,Adele
462,spotify:track:7p1R9HuieXo4kFwBmEL1Nd,Someone Like You,Adele
463,spotify:track:0G0pUAPpzv5yrPcYy3O9p7,My Body,Raye Chella
464,spotify:track:52s0NtTp5Z9E1I7OW3pOvK,LAS LAS,Big Klef
465,spotify:track:0J2p4KYdr6Mg4ET6JPlbe1,Super Trouper,ABBA
466,spotify:track:3oEkrIfXfSh9zGnE7eBzSV,The Winner Takes It All,ABBA
467,spotify:track:2dnR7o8cm9798o6KPsopki,On And On And On,ABBA
468,spotify:track:1JnHZagDFvrT2lx4QovSOo,"Andante, Andante",ABBA
469,spotify:track:4JzJihuvIlhaYqSUNNJGBl,Me And I,ABBA
470,spotify:track:4AsvGVDWs16fqIiIdDzyvX,Happy New Year,ABBA
471,spotify:track:6hHXft1nFyvfVv6UoRToPZ,Our Last Summer,ABBA
472,spotify:track:5jBPAlYvSkGDz4iDW7r2FC,The Piper,ABBA
473,spotify:track:4euAGZTszWPrriggYK0HG9,Lay All Your Love On Me,ABBA
474,spotify:track:5Kq6zleJTirgokGAL7IJQc,"The Way Old Friends Do - Live At Wembley Arena, London, England / 1979",ABBA
475,spotify:track:3f7RrcuDNwPnUUm8lU0z8p,Elaine,ABBA
476,spotify:track:0gkax94ZwlPz1XbtCVg4Vd,Put On Your White Sombrero,ABBA
477,spotify:track:4kdSsRy43lfv7Xeyqfk2xk,Bonnie & Clyde,Dorzi
478,spotify:track:0IQGTC6jIvJxImO7Edjuc8,Liebe Attack,Klissmann
479,spotify:track:51YR1j8gqS1KKxSqia9uYl,Out of Love,Dominik Jesz
480,spotify:track:633BaFkMrYWDi1cPDTAV7l,Ty Pacino,Tyler Lepley
481,spotify:track:5lPBVFsdv7opQ4exWxO2tu,Intro,Damian Adams
482,spotify:track:4TCT2TKDUu15iEillUykey,Cash Moves,Damian Adams
483,spotify:track:04mJAkbuiREX0JX1cdYewm,Flick,Damian Adams
484,spotify:track:3iUpOjZYpbMfB4P28hyOra,Chances,Damian Adams
485,spotify:track:0AHM6A3D2eHZt8HZAgNHsU,Cold,Damian Adams
486,spotify:track:57fthH6LUX9a8rigueWASb,Dangerous,Damian Adams
487,spotify:track:7a0DJgMjTeLVh8NLRCCRyj,It Is What It Is,Damian Adams
488,spotify:track:5bhl1PHr32y7pgN6hwYdrI,Yakked,Damian Adams
489,spotify:track:1m5JqIZYmnq3v5yuuW2P1M,777 (Scorpio),Damian Adams
490,spotify:track:0yis4K90WHfB6Um25GxP96,Motives,Damian Adams
491,spotify:track:39V4ctd533pe8RkqCjAqEO,Ghost,Damian Adams
492,spotify:track:6dCivVr90ucjg345AdbYYB,Illest,Damian Adams
493,spotify:track:52g53RhiD1MqHCCePWdbJQ,"Off The Wall, Pt. 2",Damian Adams
494,spotify:track:7D0qOo7iFPOESWh0FwgeSV,KOD,Damian Adams
495,spotify:track:24cLhPI5TiwE1SORFtXSj5,Badmind Give up now,Ricardo Rawal
496,spotify:track:216Ga6LOpevXNYuXTpiI2h,Out of Love - Instrumental Version,Dominik Jesz
497,spotify:track:7cgN4eXtf4SPjTTbcbhvEe,Rate You High,Dorzi
498,spotify:track:0u8wiE0o7YvSHqmf7duJ6B,No More Lockdown,Spiegelmann
499,spotify:track:3hsQ3pA3pBAqe3ozo5fyTC,Starting the Engine,Alexis Entprima
500,spotify:track:7MMpak7pxT1au9sy1l0fP6,Heading for the Motorway,Alexis Entprima
501,spotify:track:7vLrO1SPOTExbwWkwdgDZq,Highway to Neverland,Alexis Entprima
502,spotify:track:4Mv7EJL0XiuJdzi7JI2YCQ,Euphoricplus Audiofile Corona 2021,Entprima Jazz Cosmonauts
503,spotify:track:4z9Lo2OVDb2TuOuOK5NAhd,Heaven Meets Deep Sea,Captain Entprima
504,spotify:track:141cSAn0ui52daEd7YiiNL,Monks Celebrating Deep Sea,Captain Entprima
505,spotify:track:36w1hkvHrFuNgOTjd4yWXy,Welcome for the Unborn,Captain Entprima
506,spotify:track:7uYIauYwkIZI3wireAwabN,Herzerfüllt,Nik P.
507,spotify:track:5KU2Drljoeme6tY11cn2Bi,Mein letztes Hemd,Nik P.
508,spotify:track:2p13Gg8B10hCBy7AH62tPt,Hundertmal...,Nik P.
509,spotify:track:2TvbamYy9wk9tmQ2qj0ybI,Getroffen,Nik P.
510,spotify:track:5z06l2iP5lUvTQlN4obrdf,Zerbrochen an der Sehnsucht,Nik P.
511,spotify:track:0spnV74WLcn0w74Dxd91ko,Ich lass sie nie mehr los,Nik P.
512,spotify:track:2grhUi64W5WAmb7Rncxfdh,Ich hab dich unheimlich lieb,Nik P.
513,spotify:track:7GCQKHg6XJYYYtJXsKW3WM,Zwei Chaoten im Duett,Nik P.
514,spotify:track:737J1KN76EMybyu6vKZ677,Der Grund warum ich bin,Nik P.
515,spotify:track:45fJaB4VJFkZdLBYKXR5fS,Letzte Nacht,Nik P.
516,spotify:track:3pMGv9WxSUT4F2oyChQICb,Nur mit dir,Nik P.
517,spotify:track:1WwEJHDaq04ycU9a7EH0j8,Ich häng immer noch an dir,Nik P.
518,spotify:track:6lPSu4yjys2lawbUgypGNy,Gloria - Remix 2007,Nik P.
519,spotify:track:0XWGk8N6e1PhzUgmDaBtOc,Engel fliegen weit,Nik P.
520,spotify:track:3q655r0ZsbfZnMbn66cA4t,Wo bist du,Nik P.
521,spotify:track:2OSHHMiHQzX3gBl1DoOkbU,Engel und Teufel,Nik P.
522,spotify:track:1pI8K0i7oZAxxCfm8Owbbr,Liebe ist...,Nik P.
523,spotify:track:2i2qIPqnxoTSY41BA0Z09u,Irgendwann,Nik P.
524,spotify:track:1BGGv0GRQDQEQ0KoBdBwYE,Es war das erste Mal,Nik P.
525,spotify:track:4gT6N67RUgxzZXbEeaqDkP,Ich hab schon geträumt von dir,Nik P.
526,spotify:track:6kzrItdZQF9HZPllQIehex,Das mit dir,Nik P.
527,spotify:track:3G4wYpryD8dDRYExoNsVNe,Leb deinen Traum,Nik P.
528,spotify:track:6T2kodlGzo2L8GQiqmiYfX,Der Mann im Mond - Radio Mix,Nik P.
529,spotify:track:7yxFxdipManQb5VlGGloWY,Gloria II - Lebenslust & Leidenschaft,Nik P.
530,spotify:track:0lUAehD08b6KQwsiUq43Vg,Briefe an den Mond,Nik P.
531,spotify:track:0px33kQUCyZpOQQAy7Cb7I,Ich hab Sehnsucht,Nik P.
532,spotify:track:4GCuKHOchVuIwdRkd0mG3O,Der Himmel wartet auf dich,Nik P.
533,spotify:track:6xZtrnWe048Eqyu8rtMiIQ,Das Licht der Sonne,Nik P.
534,spotify:track:2IDCr8Dc3mmSiA5VmpxhEC,Durch die Hölle,Nik P.
535,spotify:track:54BQy4ef39aummcjfDmCON,Hinter dem Horizont,Nik P.
536,spotify:track:2eUMPs9zq5Awgn2NeFzYbx,Werwolf,Nik P.
537,spotify:track:3F7r0Xbdo7HaS5j8t9rzyg,Das offene Fenster,Nik P.
538,spotify:track:0AspI2qwBFk8gtTHYq1YDk,Eine Sommernacht,Nik P.
539,spotify:track:6XdWZBVGM9TjGgebChCQfr,Der Sonne entgegen,Nik P.
540,spotify:track:7sqKmWAkZDZhTULgnXyN1c,Summerwine & Coconut,Nik P.
541,spotify:track:7DEkkTJg9SfRztk44yCzrY,"Ein Stern, der deinen Namen trägt - Accoustic Version",Nik P.
542,spotify:track:59c5SdFRRYwC1U6CNJWkWB,99 Years,Cold Ca$e
543,spotify:track:1PLJzybqe4XxslGA2oZ2Ke,Uncivilized,Cold Ca$e
544,spotify:track:2uHIcBVjSmbCvnjO2OwKEM,My Story,Cold Ca$e
545,spotify:track:0V4yKFqZppPkI4HySg3Bur,Do You,Denis First
546,spotify:track:6UArGRAbIoCpFETQ0Q8hLE,The Chosen Few,Feral Ghost
547,spotify:track:1nkvvCF83cxwclo9cHlYFz,Fawk it up,T.Rozie
548,spotify:track:2xkhCOwHpD3zoFnP6FvCbo,If There's No You,Caroline Gustavsson
549,spotify:track:5jAYLjGvWrEj3QOhBu7lts,Fool Me Now,Sôra
550,spotify:track:3XsVyme5l2OSJ96sQyi4R3,Feel Alive,Lucky Doug Fergus
551,spotify:track:4gCSu0f1toxMMh9O5P7yhI,Don't Quit Your Night Job,Lucky Doug Fergus
552,spotify:track:3IK6d3v1B9W3mmn5KD8omy,Superior Boy,Lucky Doug Fergus
553,spotify:track:6XP5CFvY6JspeyY8vUrITy,Fuzzy Wuzzy,Lucky Doug Fergus
554,spotify:track:1U2UuIGkm3eNqRvBqlTYkU,Beautiful Donkey,Lucky Doug Fergus
555,spotify:track:0ji7i6Zd7yh9JKl4uWbfec,Crappy Hour,Lucky Doug Fergus
556,spotify:track:1S3hStexTFI8B6h4j2TxgA,"Manly Yes, but I Like It Too",Lucky Doug Fergus
557,spotify:track:1543gkaSW3VdyeN5taFltK,Buy My Book,Lucky Doug Fergus
558,spotify:track:5Z7YVwgDfGPAdCkwCzgCGk,Bored and Horny,Lucky Doug Fergus
559,spotify:track:5XTtUooOpxAQsgRXMZtB3P,Quit Honking,Lucky Doug Fergus
560,spotify:track:4GWR4NSfEhacHwMdUC1XZi,Pain Of Life,Drunksouls
561,spotify:track:6Rb7f9wnfpMWKEyH0AkedX,Give Me A Sign,Drunksouls
562,spotify:track:1alzacRgCMl8tX0W6LQlue,Dear Lady,Drunksouls
563,spotify:track:2bYTX0vKXh3iPz6S16flpE,No More Fighting,Drunksouls
564,spotify:track:0pqup8jkejgteBmCN595Lu,There Is A Place,Drunksouls
565,spotify:track:5YybMMTYK6V3zEMCuuQHgH,Comme Louise Et Thelma,Drunksouls
566,spotify:track:4KIHq2f4H8KJFliD8LKuAa,Promenons Nous Dans Les Bois,Drunksouls
567,spotify:track:4N02Pnlq5pwjEiivNdLLPS,Barfly,Drunksouls
568,spotify:track:6sWd0YDEmvq0vUaEiaumRQ,United Nations,Drunksouls
569,spotify:track:6QgEtMLdVXow7QecoFO8e1,Derniere Cigarette,Drunksouls
570,spotify:track:37yhq8g714HpuRDpVMtBO6,Obao,Drunksouls
571,spotify:track:6HGoCFXQ5IZtqbMqjXkYH3,Cuba,Drunksouls
572,spotify:track:6HRKWNEC2RjLmlgybVUQWR,I'll Be There,Drunksouls
573,spotify:track:3GaLp4kEZVH5rrprSLQkV0,100%,Eva No
574,spotify:track:5nbHvydV34TX3MqSFFX11Z,Into the Void,War Syntaire
575,spotify:track:5kmuOdXjwdqEN5rKbcuEuM,At the Gates (feat. J. Chromcik),War Syntaire
576,spotify:track:196q5caGiXP98swyP12jmN,River of Leads,War Syntaire
577,spotify:track:2XRAH3Vx7m3UhDG2jaUIj6,Reaper (feat. J. Chromcik),War Syntaire
578,spotify:track:3Ye55h4yR6SPsnCIOTEHl3,Smoke Filled Bar,War Syntaire
579,spotify:track:7CGdB4yITXOGnssgMatelQ,The Chase,War Syntaire
580,spotify:track:208i7lktlY3VsypJzJlfPZ,Pallbearer's Waltz,War Syntaire
581,spotify:track:56wMjcZJMBTwhPkJXV4dKn,Reflections,War Syntaire
582,spotify:track:0Q7w6pFCBbbENSGkzwhnbC,Space & Time,War Syntaire
583,spotify:track:3Jg7P2WmiTbGt2mnM2DcX3,Hyper Ludicity,War Syntaire
584,spotify:track:3OhMYs1nwFSbxcEa8aLRLD,Across the Sky (Live) [feat. Rick Sentieri],War Syntaire
585,spotify:track:752n2yiIZZdxNAMTXmrObn,EveryTime I Cry - R3HAB Remix,Ava Max
586,spotify:track:4q1We5gUkHLp8CFaPZSmwY,Intro,Rickardo Priceless
587,spotify:track:2iuilPvgMLZe0nCKRDQjMY,Contraband,BTB
588,spotify:track:56v3HmxQ1LU9pi8BQ4bUPU,SILENZIO,DIV3RSO
589,spotify:track:7uGckfaOehfp7JqrdFqqnd,Summer Sound,Weisser Quiff
590,spotify:track:0QVIzj5dHN7AWWcK8qeSuC,Like Romeo and Juliette,Emadj
591,spotify:track:1oduelN6Qwiza8gOHkJHCG,Mia,Julia
592,spotify:track:6cMJNoj8lIoh5CfcvIhoBK,Metele (Spanglish Version),Wasel
593,spotify:track:6JA6FwYkk99pqsH5fxDYNV,Forgiveness,Rizo Balic
594,spotify:track:4Sym80GV4SWWuDg3PdTJhh,Now & Forever,Dominik Jesz
595,spotify:track:4rJNJDRFL5zvdiBNbMpBbf,Techno Vibes,Melissa Tech
596,spotify:track:1a4npbfOwewysirNIKfgLm,You Are,Edwin Kev
597,spotify:track:2hbB2CQlm81NXGESBtLX96,Before I Die (Things That I Want to Do Before I Die),Englishman in Berlin
598,spotify:track:6NQr3BFJiXwKjbqKqNXXt5,Drifter Song,Drunksouls
599,spotify:track:77gz7TjrewolWJ0CEw63Vv,Human Race,Drunksouls
600,spotify:track:2uRFbVsHNiAb5iHm9X2VTm,J'ai Fait Un Reve,Drunksouls
601,spotify:track:2yE9m7ogoLENpuU646pvKX,Lust,Drunksouls
602,spotify:track:3JnGD7R8SZJJf3Fv1kWfh6,Africa,Drunksouls
603,spotify:track:6kkLCu2Bl5TyeM51NbRhLl,L'amour Dietetique,Drunksouls
604,spotify:track:7tWZtYFccTDy0k3jLvZUqg,Sullivan Story,Drunksouls
605,spotify:track:0E6sR0fA1BM8X5mRvuMmR0,Happy Death Day,Drunksouls
606,spotify:track:1qPaJWtP306UAP30jO7YmP,Supermarket,Drunksouls
607,spotify:track:0pXroWJNWt3nhGQbWIx99T,Separation,Drunksouls
608,spotify:track:7jj48SIhq6lZ7FCf2JJhKD,Always,Drunksouls
609,spotify:track:5qtRQaYWUYYsiikYjbsTR9,Studium W Bieli,Drunksouls
610,spotify:track:4vjCt0npE3rdREo1icrv6T,The Fall,Drunksouls
611,spotify:track:47eog7Kvhzp7cBstbwPi9C,Revolution,Drunksouls
612,spotify:track:3AHALRPCXlk7BZ5m8Sd7gW,The End,Drunksouls
613,spotify:track:0SSHv3t32X9J0bsknBwLJd,Uniform,Drunksouls
614,spotify:track:57OPsJNCqPm7QZgqB4Vgqt,J'ai Fait Un Reve - Radio edit,Drunksouls
615,spotify:track:7yMSuiKT0mlRETwhgShmoU,Feel Good The Way You Are,Gliffo
616,spotify:track:5zTBJ4WkCjNIt2TPIyX5eE,Mother Mary,ManCub
617,spotify:track:2A8Zn8ft4ccyJL8Xs0XLmk,Hashtag Change - Radio Edit,Vix 20
618,spotify:track:51rKaFLNeJcFXjcoFigg8k,Me Gwanshi - Radio Edit,Vix 20
619,spotify:track:6F62XFKNDA0CzEEaIfJF22,Pain in Her Heart,Englishman in Berlin
620,spotify:track:3NEtHK7BBQdZdDU0AfWmk0,We Were Young,ManCub
621,spotify:track:4XXvoJquhxEFGKmRLuLXkN,Lame Ass,Q. Garvin
622,spotify:track:26WRz6NxdttcksYLM6GCm8,Freedom Pill,¥ANG
623,spotify:track:1qRgEKIeSrMcS62Ji4g8VT,Sad Boy (feat. Ava Max & Kylie Cantrall),R3HAB
624,spotify:track:5zWSN2dH7i9MG8gLkr1Qiv,Devo provare,Tetasinger
625,spotify:track:73eEpQPxPSjF1cmWXWXgMO,The Lighthouse,Feral Ghost
626,spotify:track:2hlaSI1ryEdW1TjvgKqICI,Speed of Light,Feral Ghost
627,spotify:track:5ttnYhcdYzQXq57MbpSN1K,Love Will Find a Way,Feral Ghost
628,spotify:track:5KkH3GNpVc3s9CnsmiC1Ai,The Mirror,Feral Ghost
629,spotify:track:1PWGteezVHwmU4qzPPLx3u,Invisible,Feral Ghost
630,spotify:track:3WcGuw4JsfT8oRSg06hWmu,My Sanctuary,Feral Ghost
631,spotify:track:3Nr7pyD4E2OOtauUuzDwkX,Watch the World Go By,Feral Ghost
632,spotify:track:0hYlKFIt3ecQMPKKAssMn5,Without a Trace,Feral Ghost
633,spotify:track:2YYFM7CyN3pj96uO5B4eBk,Here We Go Again,Feral Ghost
634,spotify:track:3IKp4VJn4T3TK57BjgyIiz,No Corona Christmas,Englishman in Berlin
635,spotify:track:6tRgtmchKyyGiENZZSMoJO,Hurricane,Kevin Jenewein
636,spotify:track:7ucTZgVMGIQkhM1YBod37T,Mama Told Me - Bonus Track,T.Rozie
637,spotify:track:6MjDody360gZEN8nKf9Wkj,Happyplus Audiofile Rastafari 1971,Entprima Jazz Cosmonauts
638,spotify:track:0XB3ruMmC6IWA7D14K6oZQ,Island Of Tears,Gliffo
639,spotify:track:7CkgYFJLSJZnwOrok73tUM,Galaxy - Yvvan Back Remix,Samuele Sartini
640,spotify:track:1gpPG7LqOSJMJ6Kiv8qcHi,Galaxy - Dzialach Remix,Samuele Sartini
641,spotify:track:2bACGX0FVdGwHNkRFfRVQR,Galaxy - Alterboy Remix,Samuele Sartini
642,spotify:track:0i6MYr0fOy6atCOHFasCJN,Galaxy - Yvvan Back Radio Edit,Samuele Sartini
643,spotify:track:3BzWrGQYsxqhFdHDIJniGT,Galaxy - Dzialach Radio Edit,Samuele Sartini
644,spotify:track:1QpcNis501aCIxA7Dj17tz,Galaxy - Alterboy Radio Edit,Samuele Sartini
645,spotify:track:0hor6y15eGpIoB0yipCm2Y,Poverty,Cold Ca$e
646,spotify:track:0cKKLrtgxvzEiNZsH6LqHW,YOU MADE ME DO IT,Mr. Rap
647,spotify:track:3AmaTTRsE4i43h5SVdbXrL,I Found A Boy,Adele
648,spotify:track:3SpAAvyQHeRrE37dLk5aUx,Turning Tables - Live Acoustic,Adele
649,spotify:track:5LX5zsJe4oXJ0FjmmJICRA,Don't You Remember - Live Acoustic,Adele
650,spotify:track:38jMszXH1X1L0mGBSvXSTI,Someone Like You - Live Acoustic,Adele
651,spotify:track:11vBnQniBAwAcu75bWJFyp,Walk The Plank,Tyler Lepley
652,spotify:track:0U7R8Y3KrRfrllluJkSrOq,Crazyplus Audiofile Disco 1981,Entprima Jazz Cosmonauts
653,spotify:track:6CrV5mX67nb7iJp7mteIlj,My Family,Will Echo
654,spotify:track:0EbMP24ym5wFTgAaMXr3M8,Fly Away,Will Echo
655,spotify:track:2ly6gOwSiPzocJ7WLAZAQN,Lovecat,Will Echo
656,spotify:track:6Eq3IlYN9l5eissFcWudae,Kissed Her Twice,Will Echo
657,spotify:track:5152Zz9CaIySYDCrje5tBJ,The Phoenix from the Flames,Will Echo
658,spotify:track:4WSHJ7fjF7AISxIFNslkee,Raw,Will Echo
659,spotify:track:2Qtah16E135c4CHgCVtDiN,Different Man (My Private Hell),Will Echo
660,spotify:track:0BPcCfp59AfB6P4pniMBte,Isolation,Will Echo
661,spotify:track:03or6nn7pmPZHL9Rj9PWpj,Tumbling Down,Will Echo
662,spotify:track:0lRxUD3gkkgMZ6X6Kjmvmr,EveryTime I Cry - Pink Panda Remix,Ava Max
663,spotify:track:6H5cGyMZ3Ufga9jNSD5fzb,Der Klimawald,Englishman in Berlin
664,spotify:track:6xRRF307VaH1aXJWXGiUKD,Intro to Ignite,War Syntaire
665,spotify:track:69KQdTvrt2bHSuyJ1lhOTM,Ignite,War Syntaire
666,spotify:track:2keqWKEaG5CXPYHSjAdjam,Launch,War Syntaire
667,spotify:track:3XoDB3Dy0VXDAjKHAfG1cd,Hype,War Syntaire
668,spotify:track:34b7sGUVAYtDZX53aLL20n,Grinder,War Syntaire
669,spotify:track:3wUIeFO4qjTpJHIFLrtnsH,Breakout,War Syntaire
670,spotify:track:4Z9IrRWa2Jx5AHpqzgugF4,War's Rendition of Moonlight Sonata,War Syntaire
671,spotify:track:4cECjiSKw7WY4GkhGvlK40,Outro to Ignite,War Syntaire
672,spotify:track:5zrXDnQqfp4VsoMXwG2B64,Nah sell out,Ricardo Rawal
673,spotify:track:5hLxxTg1tcfzpUVyThUy52,Live Intro,Mia Julia
674,spotify:track:3nW9eTqo1aZKpuA02d9V7o,Geile Zeit,Mia Julia
675,spotify:track:5noKEq65wHMJXJ28aqfk9A,Dorfkind - Mallorcastyle Mix,Mia Julia
676,spotify:track:2kR8KKJqEvYdBRkWAeDqaN,Nr. 1,Mia Julia
677,spotify:track:5BM7qjaQA0rb3w3n07yH48,M.i.a. Meine Gang,Mia Julia
678,spotify:track:46FrhJAuM2n3NGHc93Pn38,Wir sind die Geilsten,Mia Julia
679,spotify:track:5Tcx47dQR8689BBDyek9V7,Was wäre wenn,Mia Julia
680,spotify:track:4YQjNG73ESvp4vmNIxZO6D,Eine von Euch,Mia Julia
681,spotify:track:4wGvfpkCEVXW8AhvLTBZ04,Wir sind der Bierkönig,Ikke Hüftgold
682,spotify:track:6Q7rd6bp8z8KBcnMoPM51N,Endlich wieder Malle - Original Mix,Mia Julia
683,spotify:track:1ab3aopHKgzElPiHnPRQ3F,Kreisligalegenden - Original Mix,Summerfield United
684,spotify:track:5NXe2rZOJD1z3fSGarnqJp,Der Beat zum Springen (Komodo),Dj Biene
685,spotify:track:4C5pbZZCZo9MEszLPIwWP1,Schnaxeln,Lorenz Büffel
686,spotify:track:0FD43ERyDg7tZJndXizGrL,Olé Party Hymne 2017,Summerfield United
687,spotify:track:79S5ewZqA6fX7PIPeuhMdY,Wir sind Mallorca,Mia Julia
688,spotify:track:4IG5pgiRKeDdXXT7VBW3zY,Ein goldener Stern,Mia Julia
689,spotify:track:1j4Y5E2WoOuPOeMZ7bf8qT,Alle auf Malle,Mia Julia
690,spotify:track:4WThTvZZDHKmnPwGGeFqsq,Bis in alle Ewigkeit,Marry
691,spotify:track:48WugvXpwxdRuXM8qgKf17,Sag nur,Mia Julia
692,spotify:track:6uWEtKTSLQAay4TrXLsPDN,Endlich wieder Malle - Club Radio Edit,Mia Julia
693,spotify:track:4xwsdrv3SJ13rtyDWlidm3,Mallorca da bin ich daheim - Orchester Version,Mia Julia
694,spotify:track:27W8GFJSKgT2XZTUHax0EH,Island Of Tears - Radio Edit,Gliffo
695,spotify:track:4KjRhJaVor1SzBQ1vZVfYH,Need,ManCub
696,spotify:track:5RuseM4LNlbzDdHINTjQ5c,Rolex Whine,Ricardo Rawal
697,spotify:track:0tOqjnpA3hZfj2xchhaHe2,Sieben Leben für dich,Maite Kelly
698,spotify:track:26BVWE7YObp9dT0B0BWOfX,Es war noch nie so schön,Maite Kelly
699,spotify:track:2sQDbn9F2P8MUS0rtropoF,Wenn du Liebe suchst,Maite Kelly
700,spotify:track:6bKa4KBN0D4XXdFuCIQeZX,Die Liebe ist größer als das Leben,Maite Kelly
701,spotify:track:1H6N6wlfmMhaABmIEJFvNH,Herzbeat,Maite Kelly
702,spotify:track:3hWFMomih3uZlBYrZXaObB,Jetzt oder nie,Maite Kelly
703,spotify:track:1A1Rd6Jhy4Uupg6MZVariU,Touche moi (Berühre mich),Maite Kelly
704,spotify:track:6b6RFRzxO6s3Mni6XhAJ78,Isla d'amor,Maite Kelly
705,spotify:track:5CmpuzKhaA7J9vBiu1g1sz,So klingt Liebe,Maite Kelly
706,spotify:track:1uNh1rPGiwUDhlS6gctYgF,Lieben oder nichts,Maite Kelly
707,spotify:track:1zLGTCXBYQVEMwplrInByT,Alles ist neu - alles ist anders,Maite Kelly
708,spotify:track:1nw3k4jbVMcxSWK4kZP4bF,Eins zu eins,Maite Kelly
709,spotify:track:3eIF60hqTe76tvr0hbXNVb,Wir haben uns,Maite Kelly
710,spotify:track:4UmlFRX0wQCUDiIlbnwXv1,Liebe ist Liebe,Maite Kelly
711,spotify:track:1CHypLr3Xva8q8iAaeI2KA,Zeig mir den Platz an der Sonne,Maite Kelly
712,spotify:track:4eI1ZYYxWslQDhgSofA7CW,Sieben Leben für dich - Piano Nachtversion,Maite Kelly
713,spotify:track:1cSafPzA2CMxESkocrVUaX,Herzbeat - 5 Herzen in einem Takt Version,Maite Kelly
714,spotify:track:7rCYLJvQcE0A7nUl1YFB5s,Dabei wollte ich doch stark sein,Maite Kelly
715,spotify:track:3HYYAGKeCOu3lzaaLDZYeE,Es war noch nie so schön - so falsch zu liegen Franz Rapid Remix,Maite Kelly
716,spotify:track:0Jmge6xhDVStO1Eg2tL5NV,Warum hast du nicht nein gesagt - Albumversion mit Intro,Roland Kaiser
717,spotify:track:66axSENxRKdbbReTQvyX8Z,A Fight for All,Mr. 2Kay
718,spotify:track:0mvLzJUQiuCu2rno5rwaIL,Snakes,Cold Ca$e
719,spotify:track:0i2z3EOf5U6P8Y3KMu3HRk,Warning,Dorzi
720,spotify:track:1GdC2ZXIC0BJAJyGauVrMw,Semjase ( Ode to You ),Emadj
721,spotify:track:6BLYyJBUswDYzyAycIg5d0,Leuchtfaden,Frank Kozlowski
722,spotify:track:5YbzeZZOXoDZhJV0zPfoWO,Player,Samuele Sartini
723,spotify:track:6Wn0wtoML29ZGmCgul1PMN,Player - Radio Edit,Samuele Sartini
724,spotify:track:39pPaDeuYOtlhjvY6oQ70t,Medicine,Samuele Sartini
725,spotify:track:7AbiqQC4XZhMdf65LRJeRW,Respect Don't Panic! (Corona Rhapsody),Jo Oliver
726,spotify:track:2kEWri7NzyEeD31f4i0cuo,Intro - Live,Nik P.
727,spotify:track:7vowiSVjMPY0rTHiguwhVJ,Wir rocken diesen Sommer - Live,Nik P.
728,spotify:track:0ySfXt7hgZBOTyY1o9pKIT,Geboren um dich zu lieben - Live,Nik P.
729,spotify:track:2rwGz13LuHI7rm7O10srUo,Auf weißen Pferden - Live,Nik P.
730,spotify:track:2wCe5HJ4gEUjuIcAHx3hjM,Löwenherz - Live,Nik P.
731,spotify:track:3Tcs1v86Oi0SBQT8joWG6v,Berlin - Live,Nik P.
732,spotify:track:3MPrubVPc3tvFp8GU55ynf,Mit dir drehen - Live,Nik P.
733,spotify:track:7u8GPOrB6dYDx93cWEK2c8,Die Geschichte unserer Liebe - Live,Nik P.
734,spotify:track:1ShRNsch2WxlE3OqQktDLe,Wenn dein Herz nach Hause kommt - Live,Nik P.
735,spotify:track:1ej0FJ7mw2otGmRKYv0hQ9,"Shake It, Baby - Live",Nik P.
736,spotify:track:1pf0S75X1ap4nCH7gxNaRp,Ireen - Live,Nik P.
737,spotify:track:31kzRVIPMDLny7RDMtuc7z,Wenn ein Vogel lernt zu fliegen - Live,Nik P.
738,spotify:track:79HLWiOU4X20c4xJ2BBuLI,Der Fremde - Live,Nik P.
739,spotify:track:210sJWcXaksYScwH5Jd7BU,Bandvorstellung - Live,Nik P.
740,spotify:track:12JmVqr06uumbKxeRjkYrK,Sand vom letzten Jahr - Live,Nik P.
741,spotify:track:5S9z1pujHtHYlFmtm0LuMN,Wahnsinn dich zu lieben - Live,Nik P.
742,spotify:track:3B9kiv8yhIFg6YksCqsPrf,Wo die Liebe deinen Namen ruft - Live,Nik P.
743,spotify:track:3fAggENytdNWb2MPCDFCoz,Du musst ein Engel sein - Live,Nik P.
744,spotify:track:1kqJ2F7QAXw2oOPCBsHa2p,Irgendwo ist immer Sommer - Live,Nik P.
745,spotify:track:2cKf9AeDLIw27cNpdSGkSD,Come on Let's Dance - Live,Nik P.
746,spotify:track:5kZtRi0TM568XG2gVlV4D7,Gloria II - Live,Nik P.
747,spotify:track:3XWVBHi9GXk1osxKBlI5GW,Intro - Ein Stern - Live,Nik P.
748,spotify:track:6TQK5AWJc6uQjSuqfIR7sn,"Ein Stern, der deinen Namen trägt - Live",Nik P.
749,spotify:track:2DsCzbojxJo9vN7VmJBLl1,Amar Ghum Ashenare,Shirin
750,spotify:track:3nlKfsMFZfHGZ3Zjzt4ma3,Amay Eto Dukkho Dilire Bondhu,Shirin
751,spotify:track:5mzTMI76N63tDOLN1tUILZ,Shokhi Dhor Amar Piriter Shel,Shirin
752,spotify:track:5XBewNl4peAAoUpHHdbvTW,Nishina Raite Shopno O Dekhiya,Shirin
753,spotify:track:6AN45eW1p7uxxOp6ql4SpI,Ami Kemon Kore Potro Likhi,Shirin
754,spotify:track:55nOcoBDdNlLnid4oMAZr4,Loke Bole Mon Dile,Shirin
755,spotify:track:2sxv9R7ECrkdEjmkl3pnPd,Ami Olpo Boyoshe,Shirin
756,spotify:track:48njzIBpwdAIez21tmc5Aq,Badhiyo Maya Dore,Shirin
757,spotify:track:03EFRRLX44QMmMhgobkcvH,Rise (feat. Skylar Grey),David Guetta
758,spotify:track:5MCBm8MiDYH3Y7iGEd46vm,Dangerous (feat. Sam Martin) - Robin Schulz Remix; Radio Edit,David Guetta
759,spotify:track:5FXWtmm0lgho56Vg6SgkWa,Take it Off,ManCub
760,spotify:track:67UqHeX0JgksCEZUMbwafF,Change Your Vibration,Emadj
761,spotify:track:0uuo5pSN7Vb8mtf71UU7D9,Orion,Dream of Orion
762,spotify:track:3D9TYPbNo1nnTwE4eLKxnJ,I Still Have Faith In You,ABBA
763,spotify:track:46OKHucGhjhskazqD8tKnH,When You Danced With Me,ABBA
764,spotify:track:1vLPyotXnRlM2EJIHK16LW,Little Things,ABBA
765,spotify:track:3ARUWZ4hryYXhp6X7KHcaD,Don't Shut Me Down,ABBA
766,spotify:track:3ZqqHOM10rD7y3G6bxDXTv,Just A Notion,ABBA
767,spotify:track:2JNzo5lIfJNFXV1ttcLD7r,I Can Be That Woman,ABBA
768,spotify:track:1OC16r1BdQO6hK2iqmvwXF,Keep An Eye On Dan,ABBA
769,spotify:track:4dmSIn2DxtfX1rySnUDamj,Bumblebee,ABBA
770,spotify:track:293qCzqLqTYoqAkv1gqkdR,No Doubt About It,ABBA
771,spotify:track:5OfCD9LJbl7jitYVThliKk,Ode To Freedom,ABBA
772,spotify:track:4vvva1MCPKglSf8pJXhR22,La seconda porta per la pace della mente,Captain Entprima
773,spotify:track:3kZHYkQQoYZCIYBr3SJE47,Try Again,Vix 20
774,spotify:track:7fP9SXZZLUoqzgpHoLY6Tg,Christmas Lights,Caroline Gustavsson
775,spotify:track:0PhamiixVCCNmy4rk1e76K,Shut the Front Door,Lucky Doug Fergus
776,spotify:track:7pmBhO6BH6wtg8HVlXvlaI,Let's Take This Outside,Lucky Doug Fergus
777,spotify:track:1c3siIxW8TLUL21oaNt2CW,Zip Line to Brooklyn,Lucky Doug Fergus
778,spotify:track:3A2Bs65gE7HDKDYJRK23nE,Honey Lemon Cola,Lucky Doug Fergus
779,spotify:track:6ByHi3V0qxtlVrFO6EgKkT,Tied the Knot,Lucky Doug Fergus
780,spotify:track:537L0gas1PyJ4chZeCfEqh,No Sleep Til Miami,Lucky Doug Fergus
781,spotify:track:0hHOzhNN9Gxndn37SjtypL,Holiday in the Rain,Lucky Doug Fergus
782,spotify:track:6tgq7BI0MkXhgTyaeBp6JT,Juno Takes a Ride,Lucky Doug Fergus
783,spotify:track:79U3v21egnh86VumydfKMj,Beastie Girls,Lucky Doug Fergus
784,spotify:track:3IP29ZDRrcv4HKd9gR9cnp,No Vacancy,Lucky Doug Fergus
785,spotify:track:2kXh4vbmR9LSCwl0HcSyVx,The End Is Far,Lucky Doug Fergus
786,spotify:track:2d7ZsGQz3ATqhZGibductY,Quaker Lane Flows,Q. Garvin
787,spotify:track:0OGCZPZcJEsGRxvWVgA190,Alles nur geklaut,Mia Julia
788,spotify:track:1FYR9ZbsbfaADIGZmB2pk4,Chaos,Drunksouls
789,spotify:track:30zmvNOfjgNFkJZBGf93Xy,Human Race - Dom Morley Radio Edit,Drunksouls
790,spotify:track:0TWmpQOmmx5jqWLth5e3mc,J'ai fait un reve - Radio Edit,Drunksouls
791,spotify:track:4qZVnvq5nRYCN7aH3uZCwK,Comme Louise et Thelma - Acoustic Radio Edit,Drunksouls
792,spotify:track:2jVTyYycQlyUMEQC0avVXS,Pain of Life,Drunksouls
793,spotify:track:4vDL0hXiGmUnI73Y4DYt4N,L'amour dietetique,Drunksouls
794,spotify:track:6Nss0fcD7yBwpmbUrCNNL4,Derniere cigarette,Drunksouls
795,spotify:track:1gvI1eoO8ARPNuDNZi9qB3,Cool Weather,Big Klef
796,spotify:track:5XFnvVxf5cUIMgkzlDl5MC,Walala,Big Klef
797,spotify:track:1Vcx5k49YeXJF1Ikn5VmbS,Wo yo,Big Klef
798,spotify:track:6Gt2rQg8vpLxvxTlHcHnXj,African Candy,Big Klef
799,spotify:track:2BcTx50VnDCsUZnmDAV5Qe,Fatty Bo'bo',Big Klef
800,spotify:track:3BGhmkpBjANQOJl8xxJ122,Many Many Thingz,Big Klef
801,spotify:track:6Myz9DNbq3T511GAnHMxkm,510,Big Klef
802,spotify:track:5JCTPb1HPSYkhbIE9MiTUV,Survive,Big Klef
803,spotify:track:6FhErDsiBtkrbZAkcxCkln,I'm Rolling,Big Klef
804,spotify:track:3PYqFyKcociZc4vTfWNSuN,Exuberance 8D,Entprima Jazz Cosmonauts
805,spotify:track:5g7OUnfKlzlrrAJuJaH9Wn,Fluency 8D,Entprima Jazz Cosmonauts
806,spotify:track:0HjUgLXoA3GwFZoVdluXNC,Solitude 8D,Entprima Jazz Cosmonauts
807,spotify:track:58NxhDUCWkn64bxWaT2j8d,Escaped 8D,Entprima Jazz Cosmonauts
808,spotify:track:2qRzZ3zR1EB8ThgDm8RJBu,Far Away 8D,Entprima Jazz Cosmonauts
809,spotify:track:7jSoNYicGcnsnnn9sg3zwa,Back Seat,Tyler Lepley
810,spotify:track:5kuxoBhqWLv6qJ1bGcrw6c,S.N.L,T.Rozie
811,spotify:track:5kKMYN0P0JNlgp50Di4Fyt,Bossa Nova,¥ANG
812,spotify:track:12cPsCc4SsXOmTh6IVICl5,Mystic Purifying Wind,Captain Entprima
813,spotify:track:1C1OlKGBOt4Ii1Ex63LDTa,Magic Purifying Wind,Captain Entprima
814,spotify:track:4zkvUdBH31rSEIX2QMQzqB,Majestic Purifying Wind,Captain Entprima
815,spotify:track:0GZizbOxTH04OelKHZE6MD,Struck Down,Joules Rio
816,spotify:track:4EPNj9QgIsB5gvxSWuPFzT,Lost Tonight,Glaceo
817,spotify:track:3eigI4FR0vmPP1tCMkbX8c,Go Down,Big Klef
818,spotify:track:2DZPIWnpFvUA3XhMJpclrf,Saajana,Shirin
819,spotify:track:2tfaxy00EIUKw8RCtHnvFO,Blue Tsunami,¥ANG
820,spotify:track:3beFHqapB5RHgh06twstTR,You Don't Know - Arkeenia Remix,Eva No
821,spotify:track:27kuNWceYb8AL2IMtZrmMH,I Hold You - Extended,Sightseer
822,spotify:track:70dCQoDJxLxmXE6dnGMjZc,Solange ich am Himmel...,Nik P.
823,spotify:track:7gy8kERripY6N7m12o6I1W,Berlin,Nik P.
824,spotify:track:5qNh83NtYDElcSUkQmNagC,Glücklich mit dir,Nik P.
825,spotify:track:1qtUENATew0pUqMX7uL84L,Bis ans Meer,Nik P.
826,spotify:track:5PHtNjDDpkAWo5mXx2S6XS,Sie ist wieder da,Nik P.
827,spotify:track:6JlFXDirFRfRYwOVf3FM9S,Wir rocken diesen Sommer,Nik P.
828,spotify:track:0iKUFw9LMppJY1F2jhXlJH,"Shake It, Baby",Nik P.
829,spotify:track:2yMzW555me4pjIjuZVerwB,Dankbar (Thankful),Nik P.
830,spotify:track:7BEdbbrBiWJJ6wgQY6zfcd,Bitte rette mich,Nik P.
831,spotify:track:6GUUjOk770xvOJ9oTvoluh,Auf weißen Pferden,Nik P.
832,spotify:track:71EVp9tRzqZfrkUtdaWxl1,3 Minuten,Nik P.
833,spotify:track:1PacZ2bXSzMIom820LiO5Y,"Irgendwie, irgendwo und irgendwann",Nik P.
834,spotify:track:4clWTMRJOL26pzw9wKdH0Y,Rabba Mere,Shirin
835,spotify:track:4DQgQ45Cw2OFCKMngw6lDc,Dieser Ring,Nik P.
836,spotify:track:1z1WNymOfqZDn6nvD6Ri6B,Spuren von Leben,Nik P.
837,spotify:track:2zMsNYnDRz6qo8xNf7bwnv,Im Fieber der Nacht,Nik P.
838,spotify:track:68hyzFCHbjhO8okSc4gpvr,Er kann tanzen wie Astaire,Nik P.
839,spotify:track:4DkMWvgrpqCLvHlpn92ON3,Dieser Typ,Nik P.
840,spotify:track:6ev18Q6gS7z1Auhz5LvUY3,Glühwürmchen,Nik P.
841,spotify:track:2JUNmMUpKEIZd6Q9bSiMIn,Alles geht vorbei,Nik P.
842,spotify:track:79lTEexefwvM3s8KxsakLl,Kein Tag ohne dich,Nik P.
843,spotify:track:2vemGfGykaMk3KSTA3ikLd,Sonnenkinder,Nik P.
844,spotify:track:5W1IY4vrkIyVGX3KDvhrUk,Engel haben Flügel,Nik P.
845,spotify:track:3h5ySU0XRGF0lzLBbodUOU,Wie im Himmel,Nik P.
846,spotify:track:262VKBhDlxap7Y2aRJQqYN,Ein Hoch auf unser Leben,Nik P.
847,spotify:track:2DnGCzMC7NWTUZpLUaPaCq,Süchtig nach dir,Nik P.
848,spotify:track:4c8pIuppnWzbGo2wtXpGnZ,Dieser Ring - Franz Rapid Extended Remix,Nik P.
849,spotify:track:2LHlsl1rB6fGQDJj5meKdu,Dieser Ring - Kerzenlicht Version,Nik P.
850,spotify:track:4ryozxS6xEut70J6RTFtiY,Chasing Stars,4nzek
851,spotify:track:0SPU9mR6S3jECQsNCvODZK,Higher,Sôra
852,spotify:track:6LFT0NCxd610hw04m8I342,People Need Love,ABBA
853,spotify:track:2jkI6mPMMSJAH6cNnOGJKt,"Another Town, Another Train",ABBA
854,spotify:track:28WwuySopGU9MKzHEHpCzU,He Is Your Brother,ABBA
855,spotify:track:3Sb4XMPqDpAmVaeYG1TtB4,Love Isn't Easy (But It Sure Is Hard Enough),ABBA
856,spotify:track:5y6iN2aU63ztVSl0Uvvb81,Ring Ring - English Version,ABBA
857,spotify:track:2056iredWIyc1cW8D4rbvN,Waterloo,ABBA
858,spotify:track:7lJJJyQZKaBC6VQcOnZ5SJ,Hasta Manana,ABBA
859,spotify:track:2EDeX0TX5RlXWVQ7OtpxkD,"Honey, Honey",ABBA
860,spotify:track:0kcRGwLsH69CL6A0UCGyMo,Dance (While The Music Still Goes On),ABBA
861,spotify:track:4bcX7jdqI3ZlW8v7LwHOF5,So Long,ABBA
862,spotify:track:5WlwfdLTqrY6xQQvdWF3fJ,I've Been Waiting For You,ABBA
863,spotify:track:0SnrddasjtESImZQWIzoPB,"I Do, I Do, I Do, I Do, I Do",ABBA
864,spotify:track:2cPHGDrV3WeDrqDSmNikwB,SOS,ABBA
865,spotify:track:1gicTziGenRQeCnR063Lsn,Mamma Mia,ABBA
866,spotify:track:6uaJ8vslALUUAIukiVMx6O,Fernando,ABBA
867,spotify:track:4vSuothg7NLVAeKNY3oSw4,Dancing Queen,ABBA
868,spotify:track:4nLl8tsoNe506NKjDdHBEH,That's Me,ABBA
869,spotify:track:2PxutpE8iGA3sdd8gfE0j1,When I Kissed The Teacher,ABBA
870,spotify:track:3oOgLFXPEXbVQLRoBojoH7,"Money, Money, Money",ABBA
871,spotify:track:465Bm1jG1DTRXgYw7ukyim,Crazy World,ABBA
872,spotify:track:2VLbTl4PiSI8Wtid7r5WDt,"My Love, My Life",ABBA
873,spotify:track:28mb6qvoYoG50L5EQiChZN,"Knowing Me, Knowing You",ABBA
874,spotify:track:1FKImpAHq9U26gxGUaWzf7,Happy Hawaii,ABBA
875,spotify:track:7LgTqtgchzaY3Gow0QyTXc,The Name Of The Game,ABBA
876,spotify:track:18TsafraR4k4urrRW5Bpwx,"I Wonder (Departure) - Live From Sydney Showground, Australia / 1977",ABBA
877,spotify:track:0ePTAwz0qJ2RbiyRntlaOy,Eagle,ABBA
878,spotify:track:7bbZsVwZqWhZfo4SIlvpkc,Take A Chance On Me,ABBA
879,spotify:track:0ppgjQrUtZJHB2RSWDmH6y,Thank You For The Music,ABBA
880,spotify:track:7qLfHW2TUqVSEmWs44iDCE,Summer Night City,ABBA
881,spotify:track:1Hk2ZSUZfbFL0zUu3kqKf3,Chiquitita,ABBA
882,spotify:track:6lEZVOhCvUl5HnZRCvLiRJ,Lovelight,ABBA
883,spotify:track:0vECqNYnttydmJRQFlJhSc,Does Your Mother Know,ABBA
884,spotify:track:4oG4KKcyD6E5S6pxpN32IK,Voulez-Vous,ABBA
885,spotify:track:4iVhtsLnrYeFJXzG3pgn58,Angeleyes,ABBA
886,spotify:track:3XMxXNc33aWxW0WD4ZlNrz,Gimme! Gimme! Gimme! (A Man After Midnight),ABBA
887,spotify:track:2YVQTT3QDRJVg0N4ShQm4m,I Have A Dream,ABBA
888,spotify:track:1X4dEd3EatQnophBrQAFv5,The Visitors,ABBA
889,spotify:track:5Cxg9Flpy9H8uJVvmXDox8,One Of Us,ABBA
890,spotify:track:36SLS6Ie29EyhA3W2J7D9p,Should I Laugh Or Cry,ABBA
891,spotify:track:7iuc4n9YuVqTOaZUlvZW8O,Head Over Heels,ABBA
892,spotify:track:03wR5ap5ATzEHMJm66J6oW,When All Is Said And Done,ABBA
893,spotify:track:3vqFvksIwvoUQXh7cRyDxB,Like An Angel Passing Through My Room,ABBA
894,spotify:track:4jIyKxtIw28JJWNbvZwrWS,The Day Before You Came,ABBA
895,spotify:track:7tR788PCUYfWvjsyAt0KeT,Ibadi,Don Mo
896,spotify:track:2p3Ka50fGLedXUqFO4nH79,Feel your love - Extended,Sightseer
897,spotify:track:4uZBBwJwTJeL3Swlk2ufLr,Don't Leave Me Alone (feat. Anne-Marie),David Guetta
898,spotify:track:2AVDEZJKknfUOIEipw63D6,Battle (feat. Faouzia),David Guetta
899,spotify:track:3tTYxjYYcXFqFXA0AZ1Fav,Flames,David Guetta
900,spotify:track:0PD9aZgXDHvQIe80xW0fno,Blame It on Love (feat. Madison Beer),David Guetta
901,spotify:track:3MoV1UsAJmz64LHqyiRMp0,Say My Name,David Guetta
902,spotify:track:1wvSHWV0Z3wX5TrjWXTmTI,Goodbye (feat. Nicki Minaj & Willy William),Jason Derulo
903,spotify:track:2AWhMNiapSSnxP3TB1dt4a,I'm That Bitch (feat. Saweetie),David Guetta
904,spotify:track:03IBnHJvOQBr4dy3RguAph,Like I Do,David Guetta
905,spotify:track:6AV43lXbG25nbFji6lEPde,2U (feat. Justin Bieber),David Guetta
906,spotify:track:6cFbC4iK69ZM9em1EolL12,She Knows How to Love Me (feat. Jess Glynne & Stefflon Don),David Guetta
907,spotify:track:4LvXQDy62I5MD6JEBZcDXS,"Motto (feat. Lil Uzi Vert, G-Eazy & Mally Mall)",David Guetta
908,spotify:track:6lXPxNJVBoIRUitMJZw64Y,Drive (feat. Delilah Montagu),Black Coffee
909,spotify:track:2Gy4jUcTYeFsz4TmavpKYd,Para que te quedes (feat. J. Balvin),David Guetta
910,spotify:track:01qMOMudbkIHZS9BFPUGNk,Let It Be Me (feat. Ava Max),David Guetta
911,spotify:track:7ruWjzDQymWE7oJfQB9Sj6,Light Headed,David Guetta
912,spotify:track:1BrtvxRcSpR9GyKzkOY3VY,Reach For Me,Jack Back
913,spotify:track:1tNuMRxcaCOdtBB55PhArG,Freedom,David Guetta
914,spotify:track:3fiOVMed1MjJvNrEMWsYN5,Grenade,Jack Back
915,spotify:track:54GggX1zLUiFYf7ThoJg3l,Inferno,Jack Back
916,spotify:track:08YnHPJV403GzBMvyrUVPq,Overtone,Jack Back
917,spotify:track:5mSW1ciUfAMWn7Hq7zHQkv,Back and Forth,Jack Back
918,spotify:track:3UI2PkRcodlPz5tgoKoI9y,Pelican,Jack Back
919,spotify:track:0NuDwQbESv6e4CnkGaDZrt,Afterglow,Jack Back
920,spotify:track:52Wos2ElRt3y0LzUwhJ8Zb,Think Think Think,Jack Back
921,spotify:track:2I55yXXVPFq1pFfVLzK3UR,Orion,Jack Back
922,spotify:track:04669ewO9hOqQsIrb9j2Qq,What 2 Say,Jack Back
923,spotify:track:14OWRWKwRWvEgaNxyxsm4d,Just a Little More Love (feat. Chris Willis) - Jack Back 2018 Remix,David Guetta
924,spotify:track:2gUB0oJOuQmagfUZ3JCilB,Baby Rock,Rizo Balic
925,spotify:track:5Vr4xqrrG2JLjomMTly7Rl,One More Time,Maria Rodhe
926,spotify:track:3iyt6f9MOZBYR9jrp96UD5,No Guts,Maria Rodhe
927,spotify:track:6mbJIiE0oGjf0ZRlFLS4il,Bed of Roses,Maria Rodhe
928,spotify:track:3BfqbRilBBsiYCQEz5Zar9,You and Me,Maria Rodhe
929,spotify:track:50MttShSnIBDx8rVpP04Ti,Winter 2037,War Syntaire
930,spotify:track:3Vwjo6mtrbEw9QCmMZubc3,France 1789,War Syntaire
931,spotify:track:56KZ9vq7tUOMGxBMHLGL3d,The Portal,War Syntaire
932,spotify:track:5Lcyh2ccnUyst64Khb3hOX,The Cyborg,War Syntaire
933,spotify:track:6LPhDYCWl8GqrUzo4iC35h,Deep Space,War Syntaire
934,spotify:track:1GslLJyTNEwge1I68R9vez,Carbon Black,War Syntaire
935,spotify:track:6hoMvf4nQ62rDf2MkjSGiO,Falling Skies,War Syntaire
936,spotify:track:58NYl8oS3yeHEOy0vzLQfx,The Unveiling,War Syntaire
937,spotify:track:6BIHv9jAqhixy7m7aK0lW3,The End,War Syntaire
938,spotify:track:5kDoEpLn0GofrPgm548KRy,Trouble in Paradise,Eva No
939,spotify:track:2BcjBu88SFs59nnDWMy5IA,Too Big to Fail,Lucky Doug Fergus
940,spotify:track:0qOVyR6kK4x9ODWks77WM4,Teach the World,Lucky Doug Fergus
941,spotify:track:1gsk3hnlNI38EGA7WJnL2J,I'll Do Right,Lucky Doug Fergus
942,spotify:track:4OcVgPk5XIYSBSDrizJm8Z,In Your Next Life,Lucky Doug Fergus
943,spotify:track:3SW1dMC4dJTrPb7FGVjOGY,Done Is Better Than Perfect,Lucky Doug Fergus
944,spotify:track:72UssvYrEx814272uFkHUc,Hello Human,Lucky Doug Fergus
945,spotify:track:3uK31YtEvjwmTbRvSTeqET,What's a Mother to Do,Lucky Doug Fergus
946,spotify:track:4x656A5VmBai8WeNlZQ3m4,Teacher,Lucky Doug Fergus
947,spotify:track:32BvJSIosgmvVwgqBosGd4,The Year We Were Insane,Lucky Doug Fergus
948,spotify:track:75765TOlbqIdSAJWsQifk5,Obimo,Mr. 2Kay
949,spotify:track:12fNItwgHZ5UOAMaQ2mqK1,Run This Town,Mr. 2Kay
950,spotify:track:04AwjGoZbzM8IBLaxHDQMS,Waterside Boy,Mr. 2Kay
951,spotify:track:2cs7PR2xqNsuVN7U0cnx8O,Song For Mama,Mr. 2Kay
952,spotify:track:2pKXWV1lWBzJWD7xUF1gkI,More Bottles,Mr. 2Kay
953,spotify:track:10w0yh6vOSVCBBs8IBPRwK,Kosi Were,Mr. 2Kay
954,spotify:track:3DF9uT8fIByQwXAWLZyLpF,Thumbs Up,Mr. 2Kay
955,spotify:track:1xgiRoJotGRS4ED11QxwKn,Yawa,Mr. 2Kay
956,spotify:track:6BSqiA732JkBZn2253G0g9,My Market,Mr. 2Kay
957,spotify:track:0uOAqjkvZj0i0SMXGIT6YB,Nwayom,Mr. 2Kay
958,spotify:track:6qPv4TjZ30OT4mFPx4pwI6,Born You Well,Mr. 2Kay
959,spotify:track:1J7UDYFeCz25MVQAQWqFSz,Run This Town - Remix,Mr. 2Kay
960,spotify:track:3DF8wOM8TbyZYpspduTgZS,Party With Mr. 2Kay,Mr. 2Kay
961,spotify:track:6LpTOMMbiHbloZeQfS5gst,Na You,Mr. 2Kay
962,spotify:track:3AAHthgYWtnrRBkRuLGBSU,Over Doing Good,Mr. 2Kay
963,spotify:track:73lH9OhVLPPxLrVdt8RdWs,Beat For My Heart,Mr. 2Kay
964,spotify:track:02jXF6hEwJW8y2IbLpgZbB,Heavenly Bells,Mr. 2Kay
965,spotify:track:4ATljBPUuBb3gT4Usb2AvU,Merry Merry Christmas,Mr. 2Kay
966,spotify:track:1fG3r9D6nT9UiVFFFuv1Ll,Wake You Up,Joules Rio
967,spotify:track:3azKs2H7o5sVPXkxkxTKeq,You Can Find Me,4nzek
968,spotify:track:0IuErOlS5OmMWXRtPABdDR,Schrei es laut,Mia Julia
969,spotify:track:46lziNJyPoaOEAmbUpzd9l,Mitten in Mia,Mia Julia
970,spotify:track:0hA2JjXBlVsCjUUVLXlmsL,Die Welt geht heute unter,Mia Julia
971,spotify:track:2ztrbH22TfPshObb1gECVH,Wir lassen unsere Herzen in die Luft fliegen,Mia Julia
972,spotify:track:0XQiBDDjJIwCENDIjoB3TV,Das bin ich,Mia Julia
973,spotify:track:5eeO3ybblesU3p7RrlGCoN,Jammern bringt nix,Mia Julia
974,spotify:track:4CjaNHwSulDYuLIXoPRGNP,Weil sie für immer ist,Mia Julia
975,spotify:track:2cyMVzK35TbGHbJlcva6WG,Du brichst mich nicht,Mia Julia
976,spotify:track:2ydae37FGm6bmOR7ioHXJT,"Lebe, Liebe, Fühle",Mia Julia
977,spotify:track:2I3XLu6ThQsjAMAEfNs5wW,Mein bester Zeuge bin ich,Mia Julia
978,spotify:track:4L4JgQdqBC9vxsmKHF6mKI,Schwerelos,Mia Julia
979,spotify:track:7sMXAHBiXPOwDQyysFUqp5,Ich ficke gern,Mia Julia
980,spotify:track:5ORQcEbqh9GA0pXzYxbK9E,Location,Mr. 2Kay
981,spotify:track:5PAoraZTAI3ctEuCRNbb2D,Maskendeal hat Sex Appeal,Spiegelmann
982,spotify:track:1EirO8Qn1faViLqFz97zNT,Death and Rebirth,Emadj
983,spotify:track:6F9mLyAj2J6i5f8TAWcA9I,Solo Amigos (feat. Meyes X & Frankcikario),Wasel
984,spotify:track:71or1G6CbfIttRDnBnTTAL,As Good As New,ABBA
985,spotify:track:4IKF9BDHZALfCXYXdS0koQ,The King Has Lost His Crown,ABBA
986,spotify:track:3R47KOuGuGvmoeQqbODPa3,If It Wasn't For The Nights,ABBA
987,spotify:track:0mb5Q9w5GJKU7HClkEzHpy,Lovers (Live A Little Longer),ABBA
988,spotify:track:4zoWdR02nRwK8NWqpCM151,Kisses Of Fire,ABBA
989,spotify:track:2TyQF1DcQ8k2cLjiweqQyG,Lovelight - Original Version,ABBA
990,spotify:track:3GIFjjEsugq6PYAjX5SVCU,Where I Am,4nzek
991,spotify:track:2nc6GasZBnIYW6S0V6vnEU,Honey Rider,War Syntaire
992,spotify:track:5qzCmUqhHvA2aWiLCCrhla,Xenia,War Syntaire
993,spotify:track:61b17OzZhnFuqQqKPKarLy,Cherry Bullet,War Syntaire
994,spotify:track:76ZFcfjP3Ru0uSCbesrq0L,Red Velvet Lounge,War Syntaire
995,spotify:track:2a45mzafbb4egv8EAr9fyN,Rocket Punch,War Syntaire
996,spotify:track:0ZmZXYCD8U3dfz8bMAvREg,Cyberpunk (Radio Edit),War Syntaire
997,spotify:track:3XfnhRKdxluO1wxdPloYqj,Shimmer,War Syntaire
998,spotify:track:30WbG4uyaV4Bc8K4uhIQXR,Disappear,ManCub
999,spotify:track:0oRN5Ojznd1TUNnnZV5QZL,Dance in a Mysterious Blizzard,Alexis Entprima
1000,spotify:track:0bK48el43uebw5N9hMtFFD,(I Love) Senorita (feat. Matt Wills),ManCub
1001,spotify:track:6NU3WlAP4fGdZo3GM98M9k,Population Control,Mr. Rap
1002,spotify:track:2Dh2uMufVDx6jhGczQNYhl,Breakdown,Feral Ghost
1003,spotify:track:2xCJxkgC9Btk3Bzqn989Kn,Badman Song,Don Mo
1004,spotify:track:4L43Gr0K7EYynGx6bIhVCN,Mystic Blue Cavern,Captain Entprima
1005,spotify:track:391vsP0sNViqDzXWPW4G1f,Magic Blue Cavern,Captain Entprima
1006,spotify:track:00KgYzAyRDNgRK4cuv8Yww,Majestic Blue Cavern,Captain Entprima
1007,spotify:track:3RcszCm9stbryKUcU2WHXE,Visions,Dream of Orion
1008,spotify:track:10M40U4L6aN2bt5WbWXoWJ,Christmas Day,Jan Tekstra
1009,spotify:track:69HdmwzUzp975Fn8UJa3ev,Radio Star,Lucky Doug Fergus
1010,spotify:track:3CU6eWKwuBcEXDWtEPnb3w,Get Smart with Me,Lucky Doug Fergus
1011,spotify:track:7JoMJBYaIMWQ3QHzMw6z23,I Can't Keep a Secret,Lucky Doug Fergus
1012,spotify:track:5DFGayT2ZNMs21GNXiLCst,I Want I Need,Lucky Doug Fergus
1013,spotify:track:3yq49q1J50HrneueGXMEAW,I Was Afraid,Lucky Doug Fergus
1014,spotify:track:6zovSzvfj9oCBW8EZoIJmg,Naked in Public,Lucky Doug Fergus
1015,spotify:track:6aAF8CX3SYIUYDThY7bwJ3,Kids Need to Make Noise,Lucky Doug Fergus
1016,spotify:track:2VLMpmtM9etKnpXf3Ah6Ox,My Brother Is a Baby,Lucky Doug Fergus
1017,spotify:track:2Ry2Ic7wUkwtjyWTyHZgzx,Stop Drop and Roll,Lucky Doug Fergus
1018,spotify:track:2kbjVobSs2fQw1MODo5q9B,Until She Makes up Her Mind,Lucky Doug Fergus
1019,spotify:track:0JQIjuYKkUc6DCHwXzcIkd,What I Don't Know,Lucky Doug Fergus
1020,spotify:track:4miEYGg4tPUF266QoVSYwv,You'll Never Know,Lucky Doug Fergus
1021,spotify:track:7bOXXxNEsETqOFvXtYvlrQ,Let Me Know - Reen Remix,Dominik Jesz
1022,spotify:track:4LLTsn1XGEPOe9NhRQ5YMj,A Time for Everything,Englishman in Berlin
1023,spotify:track:6xb7V82Nd6N4Qz1TaSvUBI,In the Morning,Mr. 2Kay
1024,spotify:track:45lsfHNHeB9HcBduCTZ05y,Number 1,Mr. 2Kay
1025,spotify:track:70m0905LLvaKYS6wdp1Bx3,Count It All Joy,Mr. 2Kay
1026,spotify:track:3NySD4ZSCHquyXIHR1Z722,Ladder,Mr. 2Kay
1027,spotify:track:03nvN0kguSfZE0yi4SWMvZ,Wombolombo,Mr. 2Kay
1028,spotify:track:4ETMOPd4MMQWb1k8uWwH3N,Woods,Mr. 2Kay
1029,spotify:track:5LST2h3BdCaHlJYx1u9d9b,Who No Like Better Thing,Mr. 2Kay
1030,spotify:track:3pRxBtEXteKKKZ85HHcsF9,Moniegram,Mr. 2Kay
1031,spotify:track:5IyuVbcGBDgZClSYDCKxDY,Bad Girl Special - Remix,Mr. 2Kay
1032,spotify:track:0RcpvkBezAVawKb1619ez3,Thinking About Me,The NGHBRS
1033,spotify:track:2z6hN7ijZpRaZuu17SbLBg,Morning Sonate,Rizo Balic
1034,spotify:track:1gEHKKKyCEAmiY6fvlnUp3,Beautiful - Reggae Instrumental,Wahda
1035,spotify:track:3cMgYEMbUizA6dNJdEhbvq,Sadly - Reggae Instrumental,Wahda
1036,spotify:track:56qaaVIDANuCA39zrsEDAa,Wer teilt die Farben aus,Nik P.
1037,spotify:track:4FYAyoZa1kghdQCRAB0fIJ,Da um zu leben,Nik P.
1038,spotify:track:63XrGgifpcLbV3qNFi0Nlb,Seite an Seite,Nik P.
1039,spotify:track:7EwCvHWKdGIRiHb80KHjyM,Die Sterne stehen gut,Nik P.
1040,spotify:track:5W2H8zOyUwO2t6EH7nFI2L,Du bist noch immer hier,Nik P.
1041,spotify:track:3ekrnR0B89ZK3IELWGMldr,Der Clochard,Nik P.
1042,spotify:track:6AofRgFDsVdbWR5MSxlPuC,Weil du liebst wie du lebst,Nik P.
1043,spotify:track:0XqfAlp005yN3EvcgoLgED,Kann ich der Mann sein von dem du träumst,Nik P.
1044,spotify:track:2W7cYRj2gjkF2G9mHEuHrx,Es kann das Größte sein,Nik P.
1045,spotify:track:18qyvXygQXv1k4bYgEy9gi,Mit dir schlafen,Nik P.
1046,spotify:track:3FiUrmUhTAuHUTkwIbxohM,"Das Meer, der Wind und du",Nik P.
1047,spotify:track:1RYV5F6nJ2r3hF4bNZOH2z,Himbeereis und One Night Stands,Nik P.
1048,spotify:track:5syX0Kf41RfmjbpMFZWnXo,Deine Art,Nik P.
1049,spotify:track:6sOMdwKBKM6mOFcSE6GCp5,Manche sterben jung,Nik P.
1050,spotify:track:6sVw4SB4Ybe8d79A3cTEvU,Lock In,Damian Adams
1051,spotify:track:2bfL6x36vcl9wORXZTQwuK,Bands,Damian Adams
1052,spotify:track:1lMOuBTdVYUD0JDBbgFpWa,Hips,Damian Adams
1053,spotify:track:1AkieiWCtP45CLL5vBRS2d,Friday Night,Denis First
1054,spotify:track:3Y99vttffWjmUBGDN2xM9F,Hayot,Farhod
1055,spotify:track:5WdhOkzjScofpvG5bgod1G,Need You,Wrash Heed
1056,spotify:track:2ce02Av0P3tXtHEHsyh2Ox,King of Glory,Hannah
1057,spotify:track:72etlJXnCuJceg6Etnk8yW,Digital Age,Vix 20
1058,spotify:track:19rrFPTX5RQitMIFZtBbT1,Angel on My Jetski,Vix 20
1059,spotify:track:26gogMbmAsM5ES7yDvPb7y,Chase The Fog (Episode 1),Kelkito
1060,spotify:track:71T1JHXM22LaIJQPgUGHZA,Simsalabim,Maite Kelly
1061,spotify:track:2VtRi5ny3Ws52iEVKWsewA,Der Kuckuck Und Der Esel,Maite Kelly
1062,spotify:track:5LjM6W1L99wb568zlRZ0V9,Lalelu,Maite Kelly
1063,spotify:track:4tBccxJKmhCjXEduE57qbe,Unter Meinem Bett,Maite Kelly
1064,spotify:track:0qk4RgfzpM0OyJ3vJJA3EI,Faul Sein Ist Wunderschön,Maite Kelly
1065,spotify:track:34Rr3uS47iYS5Lq58SgIQk,Rennschnecke Romy,Maite Kelly
1066,spotify:track:0t5NYxAzBVkigBqJL03KIS,Weisst Du Wie Viel Sternlein Stehen,Maite Kelly
1067,spotify:track:1hJtK9xQ2mD1rqytF3d25Y,Wir Machen Eine Party,Maite Kelly
1068,spotify:track:45IJKh2qUhNu2Kp9W7cgyR,Meine Oma Fährt Im Hühnerstall Motorad,Maite Kelly
1069,spotify:track:1ouGP7qz22pAkFz4porNYt,Pitsch Patsch Matsch,Maite Kelly
1070,spotify:track:4Rp7dMWKERHzNwLYG98Mze,Wer Hat Die Kokosnuss Geklaut,Maite Kelly
1071,spotify:track:2qrYzBiiEJnfdFmFFNRpO8,Guten Abend Gute Nacht,Maite Kelly
1072,spotify:track:0y1QCfC25UuiH38LqpXXBj,Schlaf Baby Schlaf Das Grösste Abenteuer,Maite Kelly
1073,spotify:track:7pdaqDE15WoU80eS79BJ1t,Lawd Have Mercy,Tyler Lepley
1074,spotify:track:2FwkwhSdBmcJYgtQWb8juD,Trenches,Tyler Lepley
1075,spotify:track:6cIxMWMx5iepr7P6GmmTZz,Girl a Star,Tyler Lepley
1076,spotify:track:21vdcRYAUJFWYwGAQ4CCzt,Changed on Me,Tyler Lepley
1077,spotify:track:5EIFveA9dKCimT7qodXNoa,Just for Tonight,Tyler Lepley
1078,spotify:track:4zdAKBgoOfE0RdIIvaDbPM,Woa Woa,Tyler Lepley
1079,spotify:track:0ctFqj0yeC81Ua9YAZVYqP,Da Da Da,Tyler Lepley
1080,spotify:track:1QTLCjNfXvTwPbnzIEgBTz,Used To,Tyler Lepley
1081,spotify:track:51gX6OpeygoVvWt9XphTJz,Money Talks,Tyler Lepley
1082,spotify:track:5KibxnErdIENQkPikgCZe6,Come From,Tyler Lepley
1083,spotify:track:5Htb37XAfwevMtBua8rkRR,I Got It,Tyler Lepley
1084,spotify:track:42tgAfe5peUcSP9nHXzBfI,Toxic Body,Rj Chambers
1085,spotify:track:1op2k86wCE12kxqa2JX2NX,SKY FEELINGS - Extended,Sightseer
1086,spotify:track:19UJXRWv1AXlvf6PAfsuxY,"Hey Mama (feat. Nicki Minaj, TANAKA ALICE & Afrojack)",David Guetta
1087,spotify:track:5liMujTkY8BsIvnjmH4c9Y,What I Did for Love (feat. Namie Amuro),David Guetta
1088,spotify:track:5fosD2Xq94SGt1XguEhGu4,Brand New,Wrash Heed
1089,spotify:track:1Z45ElXPT00OOPw7p61M4n,I'm Found,Levi Malone
1090,spotify:track:2Q0TzId9bGFy0ICAyKoeX6,Game 2 Be Sold (feat. Don Dinero),Wasel
1091,spotify:track:4ow4gTA8l20MFL4SJhlo9k,La prima porta per la pace della mente,Captain Entprima
1092,spotify:track:01j3av4f18sZKopmGH9FMv,"This Girl, Vol.1",Edwin Kev
1093,spotify:track:5cJtrbnhgcVrBJvsgCHe1C,Midnight Rumbler,Alexis Entprima
1094,spotify:track:1FEYYIDV3FjfAChR84fRgc,Kein Klopapier! (... schöner sterben mit einem sauberen Arsch!),Spiegelmann
1095,spotify:track:1AfLXkCmc9xoKfwx2vXKbd,"Respect, Don't Panic! (Corona Rhapsody) - Radio Edit",Jo Oliver
1096,spotify:track:5C24MRb6JsMjjJqMtWzysb,Rising Sun,Weisser Quiff
1097,spotify:track:60kgr0vOuGBTfoPmdfyBhU,Jana Muje Tumse Pyar Hai,Shirin
1098,spotify:track:6h8Tr9MOsx21QbhSlvsy50,Private Dancer,Dorzi
1099,spotify:track:233Eg8zLUkyyGB3C7FYmMZ,COME N FIND ME,Q. Garvin
1100,spotify:track:2YyXJbeHu5kp84DEnl0ROu,Catastrophe,4nzek
1101,spotify:track:7qTZbgW6jxLMKDtKyORxM0,6:30,Q. Garvin
1102,spotify:track:0ou2bQ3XlxdJAIM6kFU6TT,Da oben,Nik P.
1103,spotify:track:5aL5x7WJeU33pq9AeAM3Xa,Das mit uns,Nik P.
1104,spotify:track:73iF2K1ij5Tv7sMIaiCAYh,Braungebrannte Haut - Version 2016,Nik P.
1105,spotify:track:1g3djrvISDlDRgCCNTpeT7,Call on Me,Nik P.
1106,spotify:track:5XxUO20rWbYElWviotqsBG,Weil wir tief im Herzen Kinder sind - Version 2016,Nik P.
1107,spotify:track:3xtdlXBf5TjGDMpw6iwnHu,Ich hab Sehnsucht - Version 2016,Nik P.
1108,spotify:track:7nuHs2jzClkwG75fGPVRlV,Geboren um dich zu lieben - Ballade,Nik P.
1109,spotify:track:46BxfP3f9gbzHUmmI1qfot,Der alte Mann - Version 2016,Nik P.
1110,spotify:track:1yghXZeNxGyESyRsjDoAfZ,Lass uns unendlich sein,Nik P.
1111,spotify:track:3uSkOL1eeADMJbqWiKFS3w,Lebende Legenden,Nik P.
1112,spotify:track:0dOunh9ikLIWmkC28KRzCI,Harte Zeiten - Version 2016,Nik P.
1113,spotify:track:22CyEMGp8Z2KAdJBO4Cqcs,Frieden,Nik P.
1114,spotify:track:0WVsqTeKS5O7TTSVf07yvm,Nachts auf weißen Pferden - Akustik,Nik P.
1115,spotify:track:0Xtc4U2RZziVraEPob6OBF,Berlin - Akustik,Nik P.
1116,spotify:track:4prpGvfm1iFtqDZIsBjote,Hundertmal - DiscoFuxx RMX,Nik P.
1117,spotify:track:0yjfJLITKTeXRhD5lXxWgH,Da oben - DiscoFuxx RMX,Nik P.
1118,spotify:track:7uMvHLeDJODY1DuY9lSpDk,Megamix 2016 - DiscoFuxx RMX,Nik P.
1119,spotify:track:65cB8dhWbW6rv65atNDkM7,Scheiss auf Zuhause,Specktakel
1120,spotify:track:4IQiadaMNCyUyUxOQJwz6A,Turn It Around,Curtis Richa
1121,spotify:track:0j4fBNaRb8agncl21OQHQG,COME N FIND ME - Radio Edit,Q. Garvin
1122,spotify:track:3Uo7INOTNQcoPwHAgxC3Vm,Intro,Cold Ca$e
1123,spotify:track:0lAbKJpFNmueCh2T9LWPgH,Whatcha U Know About?,Cold Ca$e
1124,spotify:track:0HeuwZBfabwPyKhE8taYw3,Trap Dreams,Cold Ca$e
1125,spotify:track:5v8sJB9RPZLqV01f4PNuRt,Miami Coke,Cold Ca$e
1126,spotify:track:1JAKHCmb9PSkL1AANJZ8eE,Real Fact,Cold Ca$e
1127,spotify:track:7izKvN7LsvAhqhpDOxcjjn,Shakedown (Remix),Cold Ca$e
1128,spotify:track:0Ee5ckkO55FZIrlF5Rypif,Outtro (DMX Tribute),Cold Ca$e
1129,spotify:track:4m082W0A6T7EXvAsnvG0j5,Galaxy,Samuele Sartini
1130,spotify:track:1ZrTaRVedwMkTK8V4cWOS6,Galaxy - Radio Edit,Samuele Sartini
1131,spotify:track:2zLmSMIBWnSFwJyB2qWhVt,Exceed Your Limits,Stephane Chisloup
1132,spotify:track:3ZyxhKVo2r1RP9zi7HS8KS,Made By Universe,Stephane Chisloup
1133,spotify:track:5mG0LTEFXtTzBGsvOXUnca,Tropical Breeze,Wahda
1134,spotify:track:5FwAHYGNuXC21DZzDOT7He,I Hold You - Radio Edit,Sightseer
1135,spotify:track:0FbC46AwHlJMHZKRL0amkq,Devo Provare ( Emadj Remix ),Tetasinger
1136,spotify:track:4ScWAEKLw06UBgoX0tPskc,Childhood,Sôra
1137,spotify:track:7H1AklrplsIFKyjTEiAFEi,Addiction,Sôra
1138,spotify:track:6c4iVOoCPV8fsNQ6vk5dvG,Lifestorm,Sôra
1139,spotify:track:0HKZrnXDlwMiNusSsS9AI3,The Chosen Road,Sôra
1140,spotify:track:5V6HP1Si2AV5BVeDsW2xQC,Long Life to Fill,Sôra
1141,spotify:track:2AzfpDN4rxrHa2Cm17ZXDn,Number Won,Sôra
1142,spotify:track:050hJIcWOwLtJ26Ozs0Hts,The Grit,Sôra
1143,spotify:track:6trEzc2cprR9ApSOrMzUNU,Drifting,Sôra
1144,spotify:track:0XPDXixW83CcEpzFyxLN3s,Move On,Sôra
1145,spotify:track:55qsffoZN6RuOu5uX2rffE,Unchained,Sôra
1146,spotify:track:3Q79SGptTfwKIrgzoOAmrF,Finding Myself Again,Sôra
1147,spotify:track:1sQMl28ob7RGtZGlzsGmCz,Sakura,Sôra
1148,spotify:track:7jUBj3nZfs0dRqr68b4yxy,Smoke & Ash,Weisser Quiff
1149,spotify:track:5kypHjAGqYdo1CDWvtGOYm,What A Man,Lena
1150,spotify:track:3WPAMJl2jTMOv9t7xSBlja,Who'd Want To Find Love,Lena
1151,spotify:track:0uDC2gj3B726KAKIJdu1lz,I Like To Bang My Head - Live,Lena
1152,spotify:track:6IRWOnYUPC0fVxqVW2ULJq,Good News - Live,Lena
1153,spotify:track:1avhJChzpyTGLzez0UKeA4,Taken By A Stranger - Live,Lena
1154,spotify:track:2U9ger4eyhcGEDvuMFpg4M,Satellite - Live,Lena
1155,spotify:track:5WQoTZrqkgnHOHIpdrUATp,New Shoes - Live,Lena
1156,spotify:track:1vCYTAJbWUrWaIZr5Se812,Money Walk,Tyler Lepley
1157,spotify:track:20a2NfIraYnKCalDQPJ6AM,Bleibt für immer,Kevin Jenewein
1158,spotify:track:62PaSfnXSMyLshYJrlTuL3,Hello,Adele
1159,spotify:track:0t7fVeEJxO2Xi4H2K5Svc9,Send My Love (To Your New Lover),Adele
1160,spotify:track:6QSJvH2m7QLAiFIywwzCVi,I Miss You,Adele
1161,spotify:track:7GgWAITsYJaRM3r50rfh5w,When We Were Young,Adele
1162,spotify:track:5CjKwY7FUJgKSwTVzoQIaU,Remedy,Adele
1163,spotify:track:4jL6WWKFDqCOPo2hC3VhSS,Water Under the Bridge,Adele
1164,spotify:track:3hwu7jZD2TjvWCeHzNlgSE,River Lea,Adele
1165,spotify:track:7B5Npv8NjjTCzk8PLpU66h,Love In The Dark,Adele
1166,spotify:track:0ijHEBUBXIJPp5ubUkDLQi,Million Years Ago,Adele
1167,spotify:track:05TOt5Vz4StdjMpEdFPlvB,All I Ask,Adele
1168,spotify:track:10tHyoc3wSA5scOVZuMcFm,Sweetest Devotion,Adele
1169,spotify:track:7B8fwPwE7qpFvblghwuesu,Die Liebe siegt sowieso - 3 Uhr nachts...,Maite Kelly
1170,spotify:track:4dLEPVub3FLKaHkcnLZL27,Heute Nacht für immer - Der Anfang von für immer,Maite Kelly
1171,spotify:track:6FtZhQbBS3dUJ4mhiiIzl6,Held - Herzensmensch Version,Maite Kelly
1172,spotify:track:0aB2v7ClFdzWBosVA0bZif,Ich dreh mich nie wieder um - Blaue Version,Maite Kelly
1173,spotify:track:5ylAAYZwj6SvhL0tJmjmMS,Now & Forever - Nightcore Version,Dominik Jesz
1174,spotify:track:0rhVoNs5CAiVR5juwng8WZ,Mad Love,Joules Rio
1175,spotify:track:16AesWYlYL2D5ebEn1Ri58,SKY FEELINGS - Radio Edit,Sightseer
1176,spotify:track:4TOyanblvJRamQ2qSb3kyI,Einfach Hello,Maite Kelly
1177,spotify:track:4tXauXPHxAhmQ76cUvPwRx,"Was wäre, wenn",Maite Kelly
1178,spotify:track:55WARSd14i04pIrryFeZfH,Du gewinnst,Maite Kelly
1179,spotify:track:7r4pkw4kPyn0SXq4XxzZLq,Solang die Sehnsucht in mir lebt,Maite Kelly
1180,spotify:track:2TMZjOmUEX3uY4slqrvabZ,Von Mal zu Mal,Maite Kelly
1181,spotify:track:4X0LUUyAx67uTYQqA8NXJV,Für Gefühle kann man nichts,Maite Kelly
1182,spotify:track:766hLgFzsdsBUg6avNTuuv,"Ich hasse dich, ich liebe dich",Maite Kelly
1183,spotify:track:2HYfLpWBqWHQejeNZewqUQ,Einmal ist immer das erste Mal,Maite Kelly
1184,spotify:track:1RFgo0TXqUZx2Hz9JHiblN,"Sag ja, nicht nein",Maite Kelly
1185,spotify:track:16XKgp0ldTcdijkaUP3dEO,Ist es denn zu spät (Die Liebe waren wir),Maite Kelly
1186,spotify:track:4v9vYi7V1WIMu1YamHCFLk,Du Schuft!,Maite Kelly
1187,spotify:track:5sXrJvtGs792UijKaetZ4L,Wenn wir uns wiedersehen,Maite Kelly
1188,spotify:track:19glykLrIU0iWh8TIuI0oR,Ich steh dazu,Maite Kelly
1189,spotify:track:0I2aLkXjtqqQbuGo9wUcTm,Ich liebe laut,Maite Kelly
1190,spotify:track:69jvBC2OFLxw6qq3oPGDf4,Gefühle für 2,Maite Kelly
1191,spotify:track:7FsFXExNL72ajVWWLi1fd1,"Ich bin bereit (Aus ""Die Kleine Hummel Bommel nimmt Abschied"")",Maite Kelly
1192,spotify:track:68Zp5PbXU5lYfPX0ZEpFCI,Feel Good The Way You Are - Radio Edit,Gliffo
1193,spotify:track:7EmNnuHFMZa8LjQBGgH0tq,contigo encontre el amor,Hannah
1194,spotify:track:65DGVKZwPxHLQvp7C0FyUJ,incomparable,Hannah
1195,spotify:track:0vXGyPAfUTGvVvxYKNtfAq,el Dios que me llamo,Hannah
1196,spotify:track:7cCwuAVdKuHFjzt5vqwoAC,en la cruz,Hannah
1197,spotify:track:0bfCOm0CG5ObfGPnEsSNPh,regresoa ti,Hannah
1198,spotify:track:7BWGsmffxSj7R3TgW2b0Cp,tu amor sin condicion,Hannah
1199,spotify:track:5Ja20voEHhqAp1CcyiIFrj,Mama Platz,Talstrasse 3-5
1200,spotify:track:3stpZj0AxFLJ48lVLu6dVa,SUPERSTAR,DIV3RSO
1201,spotify:track:2h5VBDLsHxMET99p814IdW,Heroicplus Audiofile Greenpeace 1971,Entprima Jazz Cosmonauts
1202,spotify:track:4NxqqFlmSBtuHqSEu8bEYT,Tethys,War Syntaire
1203,spotify:track:3Cim88p6XPQfrGpLvgwjpg,Enceladus,War Syntaire
1204,spotify:track:55N0u9E3CTBziIgaIYKzJw,Daphnis,War Syntaire
1205,spotify:track:3B9lDyABhaDcOH0kOUNzqm,Titan,War Syntaire
1206,spotify:track:5G7mZJTf4KxZ8WNOPaoscV,Hyperion,War Syntaire
1207,spotify:track:6csUwU0xBWIFHVh03CYHxg,Dione,War Syntaire
1208,spotify:track:4CbXC4B9vomSVe5pva7yPc,Plasma Waves,War Syntaire
1209,spotify:track:51TIXKnBuLyS4hPQAkpZR2,Huygen's Probe,War Syntaire
1210,spotify:track:3UcxfU7pe4L430E1jl0aSp,The Grand Finale,War Syntaire
1211,spotify:track:7qy7KHW3lhaQqT0tojcVPP,Safe Distance,Caroline Gustavsson
1212,spotify:track:4kcjPHcWsVIAm5nAzZ7ZOH,I Love My Body,Joules Rio
1213,spotify:track:6yt46Jj9ek4yJVaj08Mi5r,Valor,Wasel
1214,spotify:track:6TI91Un4sxz3ehEhguwKuc,Soldiers,ABBA
1215,spotify:track:1TaDWN9kixXxE7eYx1Cctd,I Let The Music Speak,ABBA
1216,spotify:track:1vOgunupwdkhGjoB7SK2Va,Two For The Price Of One,ABBA
1217,spotify:track:6TvxPS4fj4LUdjw2es4g21,Slipping Through My Fingers,ABBA
1218,spotify:track:4ogNDyqRuHvv3qADGiCazn,Should I Laugh Or Cry - Intro Version,ABBA
1219,spotify:track:0nH4SKCFlfnypKLKlNBT1c,I Am The City,ABBA
1220,spotify:track:1HmwvKA2TLUh5QlY7QGLzt,You Owe Me One,ABBA
1221,spotify:track:5Qawpf7n2qDIcTaBDK67Sb,Cassandra,ABBA
1222,spotify:track:3MsQJQPi172pXgXcYGlenx,Under Attack,ABBA
1223,spotify:track:5kRtxsw0JGktZ4fkeXCLlh,From A Twinkling Star To A Passing Angel - Demo Medley,ABBA
1224,spotify:track:5UlBagInwizrLw8sE1rMj0,Orla the Octopus,Vix 20
1225,spotify:track:7vcCXaCkdWuoAxUvB9uQRj,Ich bleib hier,Mia Julia
1226,spotify:track:2U6kTiUDnZBjIQutc7ybN4,She Likes It,Wrash Heed
1227,spotify:track:4D9TTjOQPhtKHsi1nbvH5z,Automne,Dream of Orion
1228,spotify:track:2QsUHi9neHooBGOw0tT66z,All Right Let's Go,Glaceo
1229,spotify:track:1C9bLEymq2qA7JFLueL7o5,History of Now,Eva No
1230,spotify:track:6soCRXUqPwnDG2mL2wLqst,The Shore,Eva No
1231,spotify:track:0dHujeNoakvuLrKuVXaow6,Things & Lies,Eva No
1232,spotify:track:65eHgjcMeDOxSLcTPmQBmq,Alive,Eva No
1233,spotify:track:2rbd1YOZhoIU2iF5Wpxyrz,Brand New Clarks,Ricardo Rawal
1234,spotify:track:7pPGPvIQLARZ0mYhcfbeel,Baddest Juice,BTB
1235,spotify:track:495Nn7DvVAEUgqeLjyWq1P,Warming Up in Lower Regions,Alexis Entprima
1236,spotify:track:52QUd4FTTvW6stl4AU82c8,Reaching Upper Regions,Alexis Entprima
1237,spotify:track:1FgSqHsW1mpZPAUCly3O0B,Enjoy the View,Alexis Entprima
1238,spotify:track:6GVclndm7YUkh0oAzn44qt,Tower Of Power,Frank Kozlowski
1239,spotify:track:12DSUyeINHj3UVeO01O72h,Franky Funky,Frank Kozlowski
1240,spotify:track:19QgGnRiicNHEQywQJVkct,Hot Friday,Frank Kozlowski
1241,spotify:track:5q8AYTbf2gY7k61wMQ3o9N,Space City,Frank Kozlowski
1242,spotify:track:2b3D25bYLz7me9WqZdvcox,Flash,Frank Kozlowski
1243,spotify:track:7GIsp7w3tWeyKKwySzHXLW,And It Never Ceases,Frank Kozlowski
1244,spotify:track:40RubFIBZ7Xb1OijsUYvW1,Old Planet Of Music,Frank Kozlowski
1245,spotify:track:3D7nE6w9DOEthvdtRDJ2ZB,Följ mina spår,Eva No
1246,spotify:track:3i2l8lhckQqz6CF5WW33sy,Viburo,Don Mo
1247,spotify:track:5PNuUVoQZ77PWWtFGfOilS,Wir leben in Absurdistan,Spiegelmann
1248,spotify:track:4NdT3viEscBoDUo9MODMyu,Wir leben in Absurdistan - short version,Spiegelmann
1249,spotify:track:5PV4Wz6I5de2L7truqHn2a,Wir leben in Absurdistan - Radio Edit,Spiegelmann
1250,spotify:track:0kLzyzwqKUWydgwbn8PC9w,IRA,Cold Ca$e
1251,spotify:track:3FvJcifgwa4nt8UR80v0w4,Stacks,Cold Ca$e
1252,spotify:track:2ILsxr4MnBtyh9FxrVS3JH,Shakedown,Cold Ca$e
1253,spotify:track:0a4qYr4tLedba8ZBOuCIsn,357,Cold Ca$e
1254,spotify:track:0fIDoMwK91iBDjhnLnUn6i,M.O.M,Cold Ca$e
1255,spotify:track:154pVXisGjQSFgSUkiCveK,Lost,Cold Ca$e
1256,spotify:track:3VFiPO8dpSEMxf9gWxhePP,Gamez,Cold Ca$e
1257,spotify:track:2NseSIrYKw4qiBN8Nb3ME4,Nine O' Clock,Cold Ca$e
1258,spotify:track:4UnYNX3zbyipxCFn1moP6A,10 Victimz,Cold Ca$e
1259,spotify:track:1bywBeCJBpQ5LD0aR9MQpE,Crown,Cold Ca$e
1260,spotify:track:0kVitlulockvGM2ydv5sSN,Lyrical Lead,Cold Ca$e
1261,spotify:track:24BetSiR4Jcfdgs139hdKn,AK,Cold Ca$e
1262,spotify:track:5IdIjPYvyQjCk3VjE4QtGx,Judgement Day,Cold Ca$e
1263,spotify:track:37ZGjG0fweR7H0Jm35w4Qe,Mean $treak's Back,Cold Ca$e
1264,spotify:track:0F4uDha8jeG0R18kZBhekn,M.O.M (Remix),Cold Ca$e
1265,spotify:track:39MsWOzbfCkd95l2sBWJ1D,Swine,Cold Ca$e
1266,spotify:track:3E21xmEqsQhcQPj4HDIm3F,Keep on Dreaming,Dream of Orion
1267,spotify:track:7yBF7kV8csPDrGg43ULEsz,2 Loud,Maite Kelly
1268,spotify:track:33h8SCLhwX6hHnfz4JUbzk,What Can I Say,Maite Kelly
1269,spotify:track:54l10JQqtlIxykiIwzKQVd,What Have I Done,Maite Kelly
1270,spotify:track:5VxpYzsnrRDxPjUkc8ksgg,Black Brother,Maite Kelly
1271,spotify:track:0ZdeZojU6xP5ZeZIqyRBsz,Had About Enough,Maite Kelly
1272,spotify:track:1l3cKxYIqgwCGcIxM82pKg,Give Me One More Chance,Maite Kelly
1273,spotify:track:2Cb5p9Mp0mR60x9JNIpLce,In the Arms,Maite Kelly
1274,spotify:track:2SzJ6e5KQX1c5BSaFidOhs,History,Maite Kelly
1275,spotify:track:0jM6mw7DrblTXG2pVTt6y8,If It's All About Dying,Maite Kelly
1276,spotify:track:4m1Sg4d05Up8C66hzYh7m9,I Need You,Maite Kelly
1277,spotify:track:2bKVdUZZUo7dnlAlCztyRm,Silence,Don Mo
1278,spotify:track:5eCMSXfQLhorJswpm4nFtt,Rolling - GC PRESENTS: The Wall - Live Performance,Big Klef
1279,spotify:track:6jkQYZcTN1PlvV6BBRPzBJ,Suite No.3 Re-arranged,David A.
1280,spotify:track:0BhOjt07qj6wvIby969zko,The Girl,Lena
1281,spotify:track:14atMhJvaXDRlNKCfuapgJ,Keep On Living,Lena
1282,spotify:track:72fDbX9WwLAZzks6NwhXVY,Wild & Free,Lena
1283,spotify:track:56IpyoLyX6sc3YKRtQKAp8,Traffic Lights,Lena
1284,spotify:track:29mEuuaZbFDmIs89VWexMH,All Kinds Of Crazy,Lena
1285,spotify:track:685n5E5pwAff09y5T8pe4v,Galaxies,Lena
1286,spotify:track:0j5nC2FB0rrJLoD2dsMhkf,Beat To My Melody,Lena
1287,spotify:track:45EYLkL58l9tN801jDe0Q8,Sleep Now,Lena
1288,spotify:track:2afdYFTlJhDtbsn3Rri3Vt,Lifeline,Lena
1289,spotify:track:0IkFOqQfwNyusuKzSMhBRe,4 Sleeps,Lena
1290,spotify:track:5UkWHB1SBn54Z8JvBwl4xX,We Roam,Lena
1291,spotify:track:7jmsymktRfqd0DMrE1dIEG,Crystal Sky,Lena
1292,spotify:track:6wyhk7yngaGLTGu2pOP6Xh,Invisible,Lena
1293,spotify:track:3qZYBhjrDAQt7p2PdAKZMK,Catapult,Lena
1294,spotify:track:5ga2DbsGaDhAIGaYBsiq9H,Back In Time,Lena
1295,spotify:track:6tHhLnachGKZC8AC5DYNdb,In The Light,Lena
1296,spotify:track:4O9twkAMbo9btHhGGhWQ9N,Home,Lena
1297,spotify:track:7AUUTaWMeRBgHasAsvtwzh,Beat To My Melody - Madizin Mix,Lena
1298,spotify:track:5crnDMLEwzPEVGWJuwwBbT,Satellite,Lena
1299,spotify:track:2CslvFduvxH3dKznD5kW8y,Stardust - Bonus,Lena
1300,spotify:track:5rzY2m5u5Hw75x9rg2ObNW,Taken By A Stranger - Bonus,Lena
1301,spotify:track:23hv5UWH5nhv4jubwji5Zw,Live my life,Ricardo Rawal
1302,spotify:track:1KixkQVDUHggZMU9dUobgm,My Head & My Heart,Ava Max
1303,spotify:track:2Gz6CxFe1GGiRRb8zFJHRv,H.E.A.V.E.N,Ava Max
1304,spotify:track:7a53HqqArd4b9NF4XAmlbI,Kings & Queens,Ava Max
1305,spotify:track:4gPUnZW8IT1mmF9aj9NLF7,Naked,Ava Max
1306,spotify:track:57jayqtClHRLIQ3mAFjvgZ,Tattoo,Ava Max
1307,spotify:track:11OPriDpmUrTMTji52ta17,OMG What's Happening,Ava Max
1308,spotify:track:3p866VcBbuggDPXJLuc9hr,Call Me Tonight,Ava Max
1309,spotify:track:1iatZzgryaJh79PNFq2bi8,Born to the Night,Ava Max
1310,spotify:track:6SpVp6ttad3XJOsjKBZwaq,Torn,Ava Max
1311,spotify:track:0TxOB9JSgYXjPVR6uWAyfM,Take You To Hell,Ava Max
1312,spotify:track:1Pmp486RrLRkaEkE3HFHXP,Who's Laughing Now,Ava Max
1313,spotify:track:0UW7mAWldtWsfVrlFWYYWh,Belladonna,Ava Max
1314,spotify:track:6O11gHhPCFNEFkEZYf3ilw,Rumors,Ava Max
1315,spotify:track:2Xnv3GntqbBH1juvUYSpHG,So Am I,Ava Max
1316,spotify:track:5iyZwawawLjHYpX4MxUKVF,Salt,Ava Max
1317,spotify:track:7DnAm9FOTWE3cUvso43HhI,Sweet but Psycho,Ava Max
1318,spotify:track:1iwG7Fe6A49XaHXNpBBD4G,Machine,Stephane Chisloup
1319,spotify:track:6tBzK7YDGujLOmABDrPnHG,Forget Me,Edwin Kev
1320,spotify:track:56WhpzzowUL5uesnWVoldJ,Schokkverliebt,Schokkverliebt
1321,spotify:track:3VKsCmlYuU67QC4ctvxHYP,Gönn dir,Schokkverliebt
1322,spotify:track:4jF8NEgIMaBuO5VQjeg1Tl,Dreckskerl,Schokkverliebt
1323,spotify:track:1MKDlsPpFFXuW6JO19ZQkm,Brave Mädchen,Schokkverliebt
1324,spotify:track:5xEfmKn6pnSfTzx6wFcJ1W,Bums,Schokkverliebt
1325,spotify:track:5BX3s9V5KQDX8yyzYwHSW7,Hallo Hallo,Schokkverliebt
1326,spotify:track:46dcfNhbtukgtPEe8tKh09,Enrico,Schokkverliebt
1327,spotify:track:6fH5OEluUPM6QVZ04lRThn,Hey Johnny,Schokkverliebt
1328,spotify:track:71aOn5nXCpE29zS83xp6nS,Gang Bang,Schokkverliebt
1329,spotify:track:5lanpk1JIKoeXT2g0liqKc,Sag mir wer das war,Schokkverliebt
1330,spotify:track:1sR1qveiMFFDi57haxAcS2,Geburtstag,Schokkverliebt
1331,spotify:track:52HTDXxMsu35X9WJOHIIvD,Liebe,Schokkverliebt
1332,spotify:track:29NY18BZTAmGdgpQkVPvo6,Porno,Schokkverliebt
1333,spotify:track:4gBB1MGpdTLNSxZWYhOSRP,Geburtstag - Endlich 18 Version,Schokkverliebt
1334,spotify:track:1Ay18TQUAdCAgyHaIymSjC,Future Cause,David A.
1335,spotify:track:5OsXCwYwY9YTpZZcAeX0G6,As Long as We've Got Love,Azanda
1336,spotify:track:1Zc63DUWHkbQPTmMmdko10,As Long as We've Got Love - Instrumental,Azanda
1337,spotify:track:2WoXfKKfL7KWAIQqiSgo2O,Rume-no,Mr. Rap
1338,spotify:track:4J6kaWQ2hi7hKqkqCttKM4,Maria,Rickardo Priceless
1339,spotify:track:7Kp8qlqVsYAsDbH0LJtjCf,Amar Ekla Ghore Ghum,Shirin
1340,spotify:track:59P9UCaXtF7qAprBjiIb2O,Amar Hater Lekha Chithi,Shirin
1341,spotify:track:65TwJhi3AkCWJJOXxolNGg,Amar Rosik Nagor,Shirin
1342,spotify:track:4DeTzfv0pgM0giEs6NBmbQ,Ami Bolbo Kar Kache,Shirin
1343,spotify:track:7BbzKzNiLUEfKh0EKJ9TRm,Ar Jabona Bash Bagane,Shirin
1344,spotify:track:7Kbtdy5obn6U9sSGeXNnYI,Bondhu Nagal Paile,Shirin
1345,spotify:track:4redrbiWAEOAelPutpyHnO,Bondhuyare Bhalobashlam,Shirin
1346,spotify:track:0H63ttSh0l86HMD1HLpGaD,Loke Amai Mondo Bole,Shirin
1347,spotify:track:54yMqByDYTL8pu5o5Du3e1,Na Shuniya Na Maniya,Shirin
1348,spotify:track:1ILXaE0YQ8hpazxkyFrwAx,Premer Tabij Diya Bondhu,Shirin
1349,spotify:track:2pvboyYmmizm9qucy4brh0,Feel Beautiful,Sôra
1350,spotify:track:20Z8Pkyb8F8v2aUbJdI5Ou,The Fray,4nzek
1351,spotify:track:6qC4O8Ns9VhqWrvLKLUsKI,Neela Aasman,Shirin
1352,spotify:track:6tCWb7wuOMPqgq7kg9883n,Kesa Pyara Saman,Shirin
1353,spotify:track:3fwOI7S7RHsl9jK7DItCOH,Khushboo Jesi Batein,Shirin
1354,spotify:track:1RQJnelXJnlAxnpumVTC57,Take a Tree,Shirin
1355,spotify:track:0qvYhT72gQZ3iurChRpsBB,Kabhi To Hoga Milan,Shirin
1356,spotify:track:6wV5h0GS53gBYfnuPwcBxT,Soona Hai Saman,Shirin
1357,spotify:track:62DNTKvMVafpzqgkCdUJun,Aaja Donon Chalein,Shirin
1358,spotify:track:7ARv7LEQJkEZ9NjaMUsYvw,Shine on with the Colours of Rainbow,Shirin
1359,spotify:track:6Wa4Z2vYAIxF1YhsooDGdd,Meri Ye Do Aankhein,Shirin
1360,spotify:track:1ua3ZEG91T2EYp5IILmTt0,Dil Khogaya Hai,Shirin
1361,spotify:track:0asQPWirFPzdNGdEL6pIm7,Socho To Kitne Armanon Se,Shirin
1362,spotify:track:1QQErHoz3OnrV539eTMWuo,Chiquitita,Shirin
1363,spotify:track:3mRGNSeAk9ApJ0xASFGp9k,Fire,Edwin Kev
1364,spotify:track:6Z5yfaKnmnosMu7IjqVpGX,Welcome to My Battle,¥ANG
1365,spotify:track:5ojQpLuQtLyJXG1XfgWK5H,Stardust,Lena
1366,spotify:track:0PJ4mUQJtVzWjqQ9t4oYWy,Mr. Arrow Key,Lena
1367,spotify:track:2LLwFm2T1KR9sCzitcE7Ih,Pink Elephant,Lena
1368,spotify:track:5Z1bg3eO7LbDvyYoTnmDWC,Neon (Lonely People) - Single Mix,Lena
1369,spotify:track:58gd5ImpAfZ4qEzkiSW2YN,Better News,Lena
1370,spotify:track:2ZIYes7XbZWvZGuEMCgT18,Day To Stay,Lena
1371,spotify:track:63bMfwaBfv8vHlU1z3Hx91,To The Moon,Lena
1372,spotify:track:1onlgUvFhEgs3Y2T5Spewb,Bliss Bliss,Lena
1373,spotify:track:0hQzBRXG4c00nwMLSogQ45,ASAP,Lena
1374,spotify:track:4Sn4cuBwyBwMyAMLozNJB1,I'm Black,Lena
1375,spotify:track:0ZS9Jc37ThNkc7AuYZIQPn,Goosebumps,Lena
1376,spotify:track:0WlMyb5RyrhJrgCzkPCKjb,Don't Panic,Lena
